id,firstName,lastName,displayName,age,primaryPosition,secondaryPosition,positionGroup,heightInches,weightPounds,archetype,talentTier,teamId,jerseyNumber,insideScoring,threePointShooting,freeThrowShooting,scoringVolume,playmaking,ballSecurity,offensiveRebounding,defensiveRebounding,perimeterDefense,interiorDefense,stamina,durability,overall,potential,development_truePotential,development_displayedPotential,development_developmentRate,development_volatility
player_000446,Daniel,Miller,Daniel Miller,27,SG,PG,guard,74,188,Lead Creator,superstar,team_22,81,94,69,95,99,95,89,50,57,99,84,93,69,97,99,99,99,0.897,0.176
player_000011,James,Murphy,James Murphy,33,PF,SF,wing,80,221,Primary Scorer,superstar,team_04,9,75,77,90,99,74,58,56,88,90,81,98,83,97,98,98,99,0.957,0.121
player_000344,James,Young,James Young,35,SG,PG,guard,75,190,Lead Creator,superstar,team_14,99,90,76,98,99,93,88,41,54,84,77,89,74,96,96,96,96,0.849,0.262
player_000132,Albert,Walker,Albert Walker,22,C,PF,big,82,274,Defensive Anchor,superstar,team_20,44,94,62,79,97,99,59,90,99,93,98,94,84,95,97,97,99,1.175,0.201
player_000156,Don,Wilcox,Don Wilcox,32,PF,SF,wing,79,214,Defensive Anchor,superstar,team_03,35,76,63,94,95,73,59,65,80,93,90,99,80,95,95,95,95,1.018,0.268
player_000273,Paul,Leon,Paul Leon,33,PF,SF,wing,81,220,Defensive Anchor,superstar,team_23,59,77,61,84,93,89,67,45,93,82,87,96,74,95,96,96,96,0.843,0.205
player_000225,Gabriel,Jennings,Gabriel Jennings,35,PG,SG,guard,76,203,Lead Creator,superstar,team_26,71,73,76,66,94,99,59,62,88,95,75,97,77,94,94,94,94,0.94,0.198
player_000079,Martin,Dominguez,Martin Dominguez,28,PF,SF,wing,74,235,Defensive Anchor,superstar,team_07,89,88,74,99,97,91,54,38,87,74,91,95,60,94,94,94,94,0.828,0.242
player_000112,Brian,Vazquez,Brian Vazquez,24,C,PF,big,84,253,Defensive Anchor,superstar,team_24,85,88,68,73,94,49,63,83,95,79,99,86,83,93,99,99,99,0.858,0.202
player_000256,Martin,Stephens,Martin Stephens,25,PF,SF,wing,77,197,Primary Scorer,superstar,team_11,76,80,76,98,99,73,83,65,69,92,82,91,71,92,95,95,92,0.947,0.114
player_000290,Brent,Patel,Brent Patel,26,PG,SG,guard,76,198,Lead Creator,superstar,team_02,93,67,69,69,94,95,55,52,95,97,77,95,58,90,90,90,94,1.127,0.271
player_000413,Christopher,Chavez,Christopher Chavez,28,PG,SG,guard,76,197,Lead Creator,superstar,team_16,41,69,76,66,98,99,55,53,87,91,81,91,47,90,90,90,94,0.848,0.276
player_000414,David,Miller,David Miller,29,C,PF,big,83,260,Defensive Anchor,superstar,team_10,16,87,70,94,89,69,39,90,99,76,89,86,84,90,90,90,94,0.891,0.202
player_000009,Jeffrey,Underwood,Jeffrey Underwood,26,PF,SF,wing,75,224,Three-and-D Specialist,all_star,team_29,85,87,78,94,90,87,88,68,82,83,72,87,48,89,90,90,93,1.108,0.217
player_000052,Jeremy,Francis,Jeremy Francis,30,SG,PG,guard,73,238,Primary Scorer,all_star,team_12,65,74,74,92,97,83,58,61,67,91,83,91,48,89,91,91,89,0.992,0.157
player_000123,Michael,Medina,Michael Medina,28,SF,SG,wing,80,195,Lead Creator,all_star,team_28,91,75,65,73,84,90,70,60,68,92,86,85,70,89,90,90,89,1.032,0.187
player_000399,Terry,Cruz,Terry Cruz,30,SG,PG,guard,74,238,Primary Scorer,all_star,team_06,7,50,77,81,99,82,77,53,68,88,73,81,88,89,92,92,89,0.847,0.089
player_000289,Bradley,Haney,Bradley Haney,29,PG,SG,guard,74,208,Three-and-D Specialist,all_star,team_21,43,64,80,96,93,98,57,54,34,84,52,96,73,88,90,90,94,1.061,0.061
player_000438,Brian,Gomez,Brian Gomez,31,SG,PG,guard,74,191,Lead Creator,all_star,team_19,51,89,54,48,97,86,67,64,96,78,68,99,79,88,88,88,89,1.198,0.159
player_000054,Mark,Day,Mark Day,22,SF,PF,wing,78,239,Lead Creator,all_star,team_30,97,71,79,95,99,92,73,43,69,61,63,97,95,88,94,94,89,1.111,0.173
player_000246,Matthew,Summers,Matthew Summers,31,PF,SF,wing,79,226,Primary Scorer,all_star,team_15,63,58,81,82,89,81,40,68,92,74,81,99,99,88,88,88,88,0.989,0.057
player_000364,Nicholas,Martinez,Nicholas Martinez,25,SF,PF,wing,79,208,Primary Scorer,all_star,team_18,30,78,44,95,90,71,44,53,57,55,49,91,92,88,93,93,93,1.129,0.284
player_000255,Robert,Huang,Robert Huang,25,C,PF,big,81,276,Interior Finisher,all_star,team_05,84,87,73,93,99,58,67,79,76,80,96,78,58,88,92,92,94,0.88,0.223
player_000169,Brian,Smith,Brian Smith,24,SF,PF,wing,78,185,Primary Scorer,all_star,team_25,78,78,49,92,94,80,39,54,62,56,54,97,94,87,92,92,95,0.958,0.289
player_000020,Craig,Newman,Craig Newman,26,PF,SF,wing,82,225,Primary Scorer,all_star,team_01,27,79,35,95,88,83,68,57,75,98,88,96,62,87,90,90,94,1.0,0.052
player_000448,Harold,Brown,Harold Brown,28,PG,SG,guard,77,187,Lead Creator,all_star,team_17,78,74,90,88,88,97,91,45,46,75,62,92,79,87,87,87,87,0.985,0.229
player_000393,Johnny,Wiley,Johnny Wiley,31,C,PF,big,82,228,Three-and-D Specialist,all_star,team_13,70,76,82,96,93,65,33,78,91,84,96,82,65,87,88,88,89,1.023,0.14
player_000085,Jose,Garza,Jose Garza,21,PF,SF,wing,81,209,Floor Spacer,all_star,team_27,80,83,91,70,88,34,75,83,84,44,65,87,64,87,99,99,99,1.138,0.292
player_000126,Eric,Reed,Eric Reed,27,C,PF,big,81,260,Interior Finisher,all_star,team_09,85,88,25,62,74,85,70,90,73,74,80,99,90,86,91,91,88,1.183,0.126
player_000056,Francis,Luna,Francis Luna,20,PF,SF,wing,79,267,Lead Creator,all_star,team_09,70,82,78,94,93,93,66,42,66,48,64,94,88,86,97,97,96,1.051,0.174
player_000005,Gary,Sanders,Gary Sanders,24,SG,PG,guard,74,225,Lead Creator,all_star,team_08,71,56,88,99,99,91,59,43,70,71,69,84,66,86,92,92,96,0.8,0.216
player_000220,Michael,Duran,Michael Duran,33,PG,SG,guard,74,203,Lead Creator,all_star,team_08,38,50,65,96,88,91,66,33,55,61,67,89,78,86,86,86,90,1.17,0.134
player_000023,Jimmy,Stone,Jimmy Stone,27,PG,SG,guard,73,186,Lead Creator,all_star,team_01,52,64,83,96,79,92,91,55,46,50,50,96,94,85,85,85,89,1.15,0.074
player_000033,Michael,Walker,Michael Walker,34,SF,SG,wing,78,203,Three-and-D Specialist,all_star,team_25,18,82,89,95,88,95,72,72,48,99,51,65,77,85,86,86,86,1.124,0.266
player_000177,Roger,Guzman,Roger Guzman,30,SF,SG,wing,81,229,Three-and-D Specialist,all_star,team_27,22,41,95,97,91,71,79,61,71,84,71,81,81,85,88,88,87,1.114,0.291
player_000098,Carlos,Hardin,Carlos Hardin,32,PF,SF,wing,78,227,Primary Scorer,all_star,team_17,3,89,49,44,97,80,44,83,71,86,77,86,72,84,85,85,84,1.036,0.176
player_000243,Carlos,Wall,Carlos Wall,31,PG,SG,guard,71,212,Three-and-D Specialist,all_star,team_18,80,67,84,91,88,99,57,70,61,87,64,88,78,84,84,84,90,1.116,0.067
player_000072,Luke,Velasquez,Luke Velasquez,28,PG,SG,guard,74,220,Lead Creator,all_star,team_30,64,59,76,97,98,99,52,38,66,76,57,97,79,84,84,84,86,1.046,0.268
player_000369,Nicholas,Garcia,Nicholas Garcia,24,SG,PG,guard,76,202,Floor Spacer,all_star,team_13,83,74,88,98,99,83,59,46,67,71,67,86,49,84,86,86,86,1.085,0.203
player_000270,Francis,Webster,Francis Webster,19,PF,SF,wing,78,215,Lead Creator,starter,team_05,85,72,45,65,90,88,77,76,81,59,81,99,63,83,95,95,96,1.128,0.208
player_000004,John,Franco,John Franco,29,PF,SF,wing,82,229,Primary Scorer,starter,team_21,8,93,52,49,91,83,86,81,70,66,66,93,85,83,84,84,83,1.186,0.052
player_000159,John,Vega,John Vega,24,SG,PG,guard,75,203,Primary Scorer,starter,team_06,16,79,53,98,95,75,56,68,51,62,47,99,77,82,92,92,91,1.059,0.088
player_000338,Mark,Hudson,Mark Hudson,19,SF,SG,wing,81,217,Defensive Anchor,starter,team_15,59,56,80,62,85,68,72,75,80,70,87,73,85,82,94,94,90,0.872,0.099
player_000230,Matthew,Hayes,Matthew Hayes,31,PF,SF,wing,81,228,Primary Scorer,starter,team_28,28,76,40,65,93,74,44,81,90,57,71,89,37,82,82,82,84,1.06,0.299
player_000343,Michael,Berry,Michael Berry,24,C,PF,big,85,266,Interior Finisher,starter,team_19,65,87,55,66,92,37,54,81,77,46,73,75,81,82,93,93,92,0.868,0.183
player_000194,Scott,Brown,Scott Brown,23,C,PF,big,81,237,Defensive Anchor,starter,team_29,22,81,31,57,92,77,70,81,86,99,99,85,45,82,88,88,85,1.199,0.192
player_000280,Steven,Rogers,Steven Rogers,19,SF,SG,wing,82,249,Defensive Anchor,starter,team_12,0,60,83,68,76,67,68,67,82,74,99,79,89,82,89,89,94,0.864,0.153
player_000292,William,Miller,William Miller,29,PG,SG,guard,77,206,Floor Spacer,starter,team_02,98,73,92,88,68,99,60,50,73,80,62,85,65,82,82,82,83,1.188,0.217
player_000087,Blake,Bryan,Blake Bryan,23,C,PF,big,81,238,Glass Cleaner,starter,team_26,69,83,76,74,85,82,73,87,88,48,78,89,80,81,85,85,84,1.183,0.178
player_000026,Carl,Walker,Carl Walker,28,C,PF,big,82,234,Three-and-D Specialist,starter,team_15,90,58,88,52,83,52,54,74,87,93,99,63,88,81,81,81,81,1.104,0.085
player_000039,Christian,Herrera,Christian Herrera,22,PG,SG,guard,73,169,Lead Creator,starter,team_07,91,56,58,97,89,99,56,36,43,61,33,96,79,81,85,85,90,1.164,0.079
player_000423,Christopher,Aguilar,Christopher Aguilar,31,C,PF,big,84,252,Defensive Anchor,starter,team_04,76,94,29,43,70,75,62,95,98,87,99,83,61,81,82,82,83,0.935,0.149
player_000324,Curtis,Patterson,Curtis Patterson,24,SG,SF,guard,72,193,Primary Scorer,starter,team_24,17,74,84,73,90,52,60,33,48,72,60,85,61,81,86,86,85,1.012,0.157
player_000044,Daniel,Johnson,Daniel Johnson,31,PG,SG,guard,76,214,Defensive Specialist,starter,team_14,15,88,52,69,65,83,69,79,92,86,68,99,80,81,82,82,81,1.151,0.183
player_000138,Daniel,Zuniga,Daniel Zuniga,24,SF,PF,wing,82,224,Lead Creator,starter,team_10,92,74,48,84,88,93,62,53,73,61,71,93,62,81,91,91,93,0.983,0.073
player_000408,John,Howell,John Howell,27,C,PF,big,85,293,Defensive Anchor,starter,team_20,36,97,43,49,89,45,25,99,92,61,91,47,84,81,85,85,89,0.988,0.156
player_000355,Joseph,Ruiz,Joseph Ruiz,29,SF,SG,wing,79,230,Three-and-D Specialist,starter,team_23,96,73,85,83,77,57,50,70,74,98,80,91,71,81,84,84,84,1.012,0.27
player_000153,Julian,Young,Julian Young,23,C,PF,big,84,258,Defensive Anchor,starter,team_03,62,99,44,41,79,68,99,88,80,83,99,59,71,81,83,83,81,0.841,0.138
player_000348,Richard,Porter,Richard Porter,34,SF,SG,wing,79,207,Primary Scorer,starter,team_22,40,69,46,64,86,83,55,66,70,73,65,92,72,81,82,82,88,0.873,0.161
player_000322,Scott,Moreno,Scott Moreno,21,C,PF,big,82,251,Defensive Anchor,starter,team_16,97,56,85,54,86,55,51,75,80,81,99,66,87,81,95,95,99,0.951,0.07
player_000148,Sergio,Duarte,Sergio Duarte,27,C,PF,big,80,258,Interior Finisher,starter,team_11,40,92,55,31,85,73,79,84,73,78,79,77,75,81,86,86,84,1.055,0.081
player_000429,Christopher,Long,Christopher Long,24,PF,SF,wing,81,224,Lead Creator,starter,team_19,24,68,36,62,91,85,53,71,93,65,80,94,83,80,89,89,88,1.04,0.243
player_000427,Christopher,Watson,Christopher Watson,27,C,PF,big,81,225,Defensive Anchor,starter,team_16,20,90,28,46,68,76,67,94,97,88,99,74,53,80,85,85,87,0.801,0.271
player_000140,Dylan,Martin,Dylan Martin,27,C,PF,big,82,253,Defensive Anchor,starter,team_10,46,76,59,76,48,86,89,76,85,76,99,78,71,80,84,84,89,1.031,0.19
player_000356,James,Small,James Small,29,PF,SF,wing,80,240,Primary Scorer,starter,team_05,76,86,60,80,88,82,45,81,80,65,71,86,74,80,81,81,84,1.029,0.223
player_000104,John,Hammond,John Hammond,33,SF,SG,wing,81,219,Defensive Anchor,starter,team_29,68,58,78,65,79,71,73,67,81,71,99,82,90,80,81,81,85,0.996,0.18
player_000349,Jordan,Johnson,Jordan Johnson,33,SF,SG,wing,79,185,Primary Scorer,starter,team_28,51,72,78,97,89,79,71,66,49,66,65,96,96,80,81,81,82,0.862,0.27
player_000365,Joseph,Lopez,Joseph Lopez,25,PF,SF,wing,81,235,Primary Scorer,starter,team_12,11,64,41,50,89,78,59,60,92,66,83,94,55,80,83,83,80,0.875,0.277
player_000223,Kevin,Austin,Kevin Austin,27,PF,C,big,82,266,Primary Scorer,starter,team_06,77,80,68,99,99,49,80,78,75,61,67,89,43,80,84,84,83,0.823,0.292
player_000208,Sean,Jones,Sean Jones,26,SF,SG,wing,79,199,Three-and-D Specialist,starter,team_21,80,58,91,98,89,72,69,45,38,83,64,97,93,80,80,80,81,1.02,0.191
player_000006,Austin,Harris,Austin Harris,20,PF,SF,wing,81,249,Versatile Wing,starter,team_02,61,69,62,95,73,66,86,65,87,77,77,87,70,79,87,87,84,0.82,0.085
player_000306,Austin,Mcdaniel,Austin Mcdaniel,35,SG,PG,guard,77,189,Balanced Guard,starter,team_25,54,48,74,81,83,72,51,44,69,70,64,96,96,79,79,79,79,0.92,0.223
player_000165,Bryan,Wilson,Bryan Wilson,22,PG,SG,guard,74,199,Lead Creator,starter,team_18,32,54,81,46,88,87,71,66,68,68,51,92,66,79,82,82,82,0.861,0.196
player_000380,Dennis,Smith,Dennis Smith,25,PG,SG,guard,78,208,Defensive Specialist,starter,team_27,55,41,59,99,73,90,81,64,51,85,82,99,87,79,81,81,82,0.844,0.191
player_000080,Jason,Cole,Jason Cole,27,PG,SG,guard,76,193,Lead Creator,starter,team_30,58,69,40,50,87,99,57,63,48,53,54,89,76,79,85,85,88,0.818,0.291
player_000319,Kevin,Hawkins,Kevin Hawkins,22,C,PF,big,79,237,Interior Finisher,starter,team_17,31,90,41,38,79,79,50,94,72,88,85,72,91,79,89,89,93,1.016,0.188
player_000329,Luis,Woods,Luis Woods,30,SG,PG,guard,73,220,Primary Scorer,starter,team_01,31,72,52,91,85,77,78,56,51,90,84,67,57,79,79,79,83,0.991,0.053
player_000114,Michael,Powell,Michael Powell,19,PG,SG,guard,73,204,Three-and-D Specialist,starter,team_13,54,33,92,93,86,95,72,55,59,85,67,99,61,79,92,92,86,0.993,0.258
player_000330,Ralph,Mitchell,Ralph Mitchell,27,PG,SG,guard,74,179,Lead Creator,starter,team_09,9,68,44,86,86,90,46,48,62,69,66,79,47,79,79,79,79,0.872,0.132
player_000227,Alexander,English,Alexander English,31,SF,PF,wing,79,215,Lead Creator,starter,team_03,86,82,73,85,84,92,74,59,60,59,51,93,99,78,78,78,79,0.993,0.129
player_000001,Carlos,James,Carlos James,28,SF,SG,wing,80,226,Lead Creator,starter,team_24,61,64,67,72,89,94,75,51,76,78,52,95,90,78,81,81,83,0.962,0.125
player_000291,Christopher,Smith,Christopher Smith,21,PG,SG,guard,73,234,Floor Spacer,starter,team_08,31,70,90,87,68,91,62,48,60,79,73,94,78,78,89,89,84,1.126,0.241
player_000171,Frederick,Schwartz,Frederick Schwartz,33,SG,PG,guard,77,160,Lead Creator,starter,team_26,82,54,74,89,99,96,52,36,27,63,33,95,58,78,79,79,78,0.903,0.154
player_000392,Jeffrey,Ward,Jeffrey Ward,34,PG,SG,guard,76,206,Lead Creator,starter,team_14,22,48,80,79,81,99,88,30,46,53,61,91,94,78,78,78,78,1.077,0.103
player_000277,Melvin,Diaz,Melvin Diaz,22,SG,PG,guard,73,195,Lead Creator,starter,team_11,28,61,55,95,98,93,80,30,56,76,42,96,55,78,86,86,81,1.001,0.129
player_000068,Michael,Campbell,Michael Campbell,32,PG,SG,guard,74,185,Lead Creator,starter,team_23,27,45,74,97,82,89,67,38,65,87,54,80,50,78,78,78,78,1.031,0.137
player_000237,Paul,Miranda,Paul Miranda,31,PG,SG,guard,75,190,Lead Creator,starter,team_20,96,45,68,98,81,90,85,42,69,91,63,91,74,78,79,79,78,0.965,0.161
player_000131,Shawn,Bryant,Shawn Bryant,27,C,PF,big,84,238,Defensive Anchor,starter,team_07,9,99,42,35,56,80,48,99,95,91,90,64,49,78,81,81,79,0.809,0.096
player_000116,Alejandro,Castillo,Alejandro Castillo,28,PG,SG,guard,70,209,Three-and-D Specialist,starter,team_04,11,44,89,91,75,99,85,37,50,86,70,98,74,77,80,80,77,0.931,0.196
player_000434,Phillip,Nguyen,Phillip Nguyen,24,SG,PG,guard,75,229,Primary Scorer,starter,team_22,84,43,67,80,88,70,51,47,72,64,74,85,97,77,81,81,78,0.93,0.117
player_000328,Sergio,Cox,Sergio Cox,28,C,PF,big,84,268,Defensive Anchor,starter,team_19,56,78,63,38,70,83,37,90,92,99,98,67,49,77,79,79,79,0.867,0.057
player_000209,Thomas,Simon,Thomas Simon,32,PG,SG,guard,73,196,Three-and-D Specialist,starter,team_13,27,49,78,75,63,92,94,35,60,83,69,61,89,77,77,77,79,1.06,0.247
player_000266,Adrian,Preston,Adrian Preston,24,SF,PF,wing,80,225,Primary Scorer,starter,team_08,70,64,77,95,91,78,78,29,71,40,77,79,27,76,81,81,81,1.027,0.171
player_000373,Blake,Harris,Blake Harris,24,PG,SG,guard,75,211,Lead Creator,starter,team_10,27,60,73,92,83,86,71,64,40,97,80,60,27,76,79,79,81,0.85,0.283
player_000036,Gregory,Whitehead,Gregory Whitehead,26,PF,SF,wing,79,233,Lead Creator,starter,team_12,77,79,45,66,84,86,61,95,91,64,78,88,55,76,76,76,76,0.921,0.138
player_000060,Jacob,Fields,Jacob Fields,25,PG,SG,guard,73,187,Lead Creator,starter,team_02,31,49,71,92,94,99,42,41,33,52,40,98,45,76,80,80,80,0.946,0.146
player_000426,Keith,Jones,Keith Jones,19,PF,SF,wing,74,217,Lead Creator,starter,team_11,8,75,52,65,83,85,54,77,78,69,90,88,57,76,81,81,82,0.914,0.139
player_000144,Mario,Weber,Mario Weber,21,SF,SG,wing,80,203,Defensive Specialist,starter,team_17,53,77,73,77,76,55,78,72,56,83,74,99,90,76,86,86,91,1.166,0.162
player_000337,Mark,Smith,Mark Smith,29,SF,PF,wing,79,218,Floor Spacer,starter,team_29,63,41,86,87,85,73,83,52,59,57,66,71,35,76,76,76,76,1.177,0.13
player_000395,Rodney,Le,Rodney Le,26,C,PF,big,82,257,Interior Finisher,starter,team_06,18,97,49,44,53,70,93,92,72,91,99,63,78,76,79,79,79,1.178,0.25
player_000218,Timothy,Ross,Timothy Ross,25,C,PF,big,83,210,Defensive Anchor,starter,team_16,27,82,74,86,94,49,25,92,88,66,88,79,46,76,79,79,79,0.89,0.108
player_000195,Bryan,Thompson,Bryan Thompson,23,SG,PG,guard,76,198,Primary Scorer,rotation,team_21,92,68,66,77,91,79,58,75,33,48,28,94,71,75,85,85,87,1.015,0.197
player_000097,Calvin,Carlson,Calvin Carlson,23,PG,SG,guard,75,227,Defensive Specialist,rotation,team_18,99,59,67,85,75,91,35,49,65,99,83,75,63,75,78,78,77,1.037,0.199
player_000192,Christopher,Rollins,Christopher Rollins,28,SG,PG,guard,76,176,Primary Scorer,rotation,team_25,85,78,81,80,93,70,55,43,50,64,50,69,52,75,77,77,75,0.807,0.202
player_000029,John,Todd,John Todd,19,PG,SG,guard,75,177,Glass Cleaner,rotation,team_15,92,83,35,51,68,75,67,91,75,92,74,48,89,75,83,83,87,1.085,0.284
player_000076,Jonathan,Collins,Jonathan Collins,19,PG,SG,guard,71,220,Lead Creator,rotation,team_05,67,57,84,74,84,92,48,59,57,69,61,93,82,75,85,85,80,0.917,0.269
player_000254,Jonathon,Lambert,Jonathon Lambert,26,SF,PF,wing,78,225,Lead Creator,rotation,team_24,29,85,45,94,81,95,96,37,54,54,41,90,85,75,76,76,75,1.088,0.217
player_000082,Peter,George,Peter George,22,PG,SG,guard,72,221,Lead Creator,rotation,team_27,25,52,87,88,83,99,78,49,59,57,53,71,43,75,77,77,75,1.074,0.223
player_000272,Richard,Charles,Richard Charles,22,PG,SG,guard,74,199,Lead Creator,rotation,team_01,82,54,83,88,89,99,81,43,59,65,54,72,34,75,77,77,77,1.062,0.183
player_000443,Richard,Wells,Richard Wells,24,PG,SG,guard,75,167,Defensive Specialist,rotation,team_30,65,77,44,58,70,93,68,68,63,81,64,55,99,75,79,79,79,0.933,0.149
player_000449,Ryan,Perry,Ryan Perry,21,PG,SG,guard,75,206,Lead Creator,rotation,team_28,73,73,47,59,85,98,78,71,61,78,64,54,99,75,88,88,88,1.146,0.255
player_000264,Shane,Weaver,Shane Weaver,27,C,PF,big,84,247,Defensive Anchor,rotation,team_07,42,99,53,29,80,66,53,97,96,72,87,71,78,75,76,76,77,0.939,0.275
player_000015,Stephen,Anderson,Stephen Anderson,28,C,PF,big,82,234,Defensive Anchor,rotation,team_09,76,66,65,76,75,78,87,82,90,53,84,77,81,75,76,76,78,1.152,0.099
player_000247,Terry,Andersen,Terry Andersen,26,SF,SG,wing,80,197,Versatile Wing,rotation,team_26,67,77,81,87,66,68,60,66,54,75,79,88,82,75,75,75,75,1.136,0.07
player_000034,Aaron,Johnson,Aaron Johnson,28,C,PF,big,81,246,Defensive Anchor,rotation,team_28,55,99,58,39,57,57,71,99,96,68,97,80,83,74,75,75,74,0.889,0.051
player_000238,Andre,Wood,Andre Wood,21,PG,SG,guard,73,176,Lead Creator,rotation,team_20,80,69,48,89,86,97,57,63,72,89,68,88,41,74,88,88,85,1.0,0.27
player_000416,Danny,Hardy,Danny Hardy,25,C,PF,big,81,217,Defensive Anchor,rotation,team_30,36,63,35,34,83,65,25,99,95,93,86,69,54,74,74,74,74,0.836,0.244
player_000151,David,Reeves,David Reeves,25,PF,SF,wing,83,228,Defensive Anchor,rotation,team_14,85,77,91,77,53,78,86,77,81,78,98,67,58,74,77,77,82,0.915,0.131
player_000150,Gary,Moss,Gary Moss,19,SF,PF,wing,78,194,Versatile Wing,rotation,team_03,88,57,81,88,79,81,79,47,68,47,39,97,87,74,82,82,84,1.051,0.255
player_000340,Ian,Ward,Ian Ward,24,C,PF,big,84,236,Defensive Anchor,rotation,team_22,24,84,50,35,66,41,73,99,92,56,89,66,69,74,82,82,84,0.92,0.267
player_000294,Juan,Allen,Juan Allen,31,PG,SG,guard,73,192,Lead Creator,rotation,team_15,97,54,74,79,82,89,41,61,25,84,41,87,57,74,75,75,77,1.155,0.298
player_000155,Justin,Pierce,Justin Pierce,31,C,PF,big,83,232,Defensive Anchor,rotation,team_05,1,94,47,53,79,55,56,92,87,94,93,35,64,74,75,75,74,0.845,0.191
player_000276,Robert,Mcintyre,Robert Mcintyre,22,SF,SG,wing,78,224,Floor Spacer,rotation,team_23,39,41,86,74,70,63,99,46,64,71,74,88,70,74,83,83,87,1.042,0.104
player_000235,Troy,Koch,Troy Koch,27,PG,SG,guard,75,212,Floor Spacer,rotation,team_04,48,57,95,97,70,89,90,56,45,58,35,67,84,74,78,78,75,0.993,0.105
player_000262,Willie,Sawyer,Willie Sawyer,28,SG,SF,guard,72,217,Floor Spacer,rotation,team_21,99,63,91,81,84,40,81,30,44,53,57,63,77,74,75,75,74,1.04,0.147
player_000180,Albert,Torres,Albert Torres,30,C,PF,big,83,236,Interior Finisher,rotation,team_06,21,99,54,44,69,46,41,87,80,48,83,67,92,73,74,74,75,0.875,0.128
player_000094,Billy,Johnson,Billy Johnson,21,PG,SG,guard,73,203,Lead Creator,rotation,team_09,45,56,80,68,79,85,82,56,49,56,55,85,94,73,78,78,77,0.865,0.173
player_000069,Cody,Chavez,Cody Chavez,34,SG,PG,guard,76,173,Three-and-D Specialist,rotation,team_10,82,64,84,89,91,71,36,50,28,84,51,68,76,73,74,74,76,1.038,0.192
player_000031,Daniel,Hamilton,Daniel Hamilton,27,SG,SF,guard,75,205,Floor Spacer,rotation,team_16,52,43,93,92,84,66,77,53,47,38,53,71,49,73,76,76,77,1.119,0.052
player_000398,Eugene,Beltran,Eugene Beltran,29,PF,SF,wing,79,239,Versatile Wing,rotation,team_29,35,95,34,58,82,73,78,58,69,67,34,87,83,73,74,74,73,1.191,0.287
player_000383,Jeremiah,Trevino,Jeremiah Trevino,22,PF,SF,wing,74,239,Glass Cleaner,rotation,team_24,90,89,78,62,75,32,53,86,71,60,77,77,67,73,78,78,79,1.191,0.284
player_000333,Jermaine,Ballard,Jermaine Ballard,19,PG,SG,guard,74,216,Lead Creator,rotation,team_18,5,52,69,79,83,95,43,41,32,90,48,85,56,73,85,85,85,1.009,0.119
player_000295,John,Wheeler,John Wheeler,25,C,PF,big,85,270,Interior Finisher,rotation,team_17,41,99,41,51,52,32,48,88,69,62,92,60,76,73,79,79,77,1.197,0.199
player_000007,Jonathan,Hodge,Jonathan Hodge,29,SF,SG,wing,81,199,Defensive Specialist,rotation,team_02,22,56,57,92,79,75,41,54,66,99,99,74,49,73,76,76,76,0.885,0.116
player_000229,Larry,Mcgee,Larry Mcgee,35,SF,PF,wing,78,207,Versatile Wing,rotation,team_13,93,57,61,82,82,66,69,57,87,57,73,99,75,73,73,73,73,1.164,0.263
player_000285,Matthew,Lawrence,Matthew Lawrence,23,C,PF,big,80,210,Glass Cleaner,rotation,team_01,21,80,63,68,81,36,53,88,97,55,71,71,70,73,82,82,87,0.901,0.158
player_000149,Matthew,Matthews,Matthew Matthews,26,SF,SG,wing,80,200,Primary Scorer,rotation,team_08,0,59,75,62,85,65,64,74,55,70,71,83,64,73,78,78,78,0.846,0.111
player_000059,Michael,Smith,Michael Smith,32,SF,SG,wing,80,227,Floor Spacer,rotation,team_19,53,41,90,78,67,73,85,57,84,77,68,83,97,73,73,73,78,0.845,0.201
player_000003,Michael,Wells,Michael Wells,24,C,PF,big,84,232,Three-and-D Specialist,rotation,team_11,27,59,99,77,92,42,85,68,75,90,99,41,46,73,76,76,75,0.887,0.219
player_000371,Ryan,Murray,Ryan Murray,34,C,PF,big,85,250,Interior Finisher,rotation,team_12,75,96,45,53,54,67,72,88,78,92,90,47,58,73,74,74,75,0.838,0.222
player_000122,Ryan,Walter,Ryan Walter,22,PF,SF,wing,77,191,Lead Creator,rotation,team_27,98,76,61,31,88,88,56,71,81,56,69,81,56,73,82,82,78,0.92,0.262
player_000175,Steven,Dickson,Steven Dickson,20,SF,SG,wing,77,224,Three-and-D Specialist,rotation,team_25,75,47,80,97,79,65,77,53,53,82,49,81,87,73,82,82,83,1.15,0.129
player_000028,Adam,Hughes,Adam Hughes,26,PF,SF,wing,75,270,Glass Cleaner,rotation,team_17,14,92,57,84,81,61,50,88,86,93,82,58,58,72,73,73,72,0.896,0.082
player_000339,Brian,Wilson,Brian Wilson,22,PG,SG,guard,76,202,Lead Creator,rotation,team_22,45,59,71,88,78,87,43,54,63,95,78,77,50,72,82,82,80,1.179,0.235
player_000226,Bruce,Chandler,Bruce Chandler,27,C,PF,big,80,265,Defensive Anchor,rotation,team_20,98,99,57,29,51,63,30,87,91,37,86,60,73,72,73,73,72,1.042,0.059
player_000334,Bryan,Jones,Bryan Jones,19,SG,PG,guard,75,210,Floor Spacer,rotation,team_20,10,41,93,94,89,80,66,43,37,37,50,77,60,72,88,88,91,1.148,0.231
player_000346,Christian,Moore,Christian Moore,27,C,PF,big,81,213,Interior Finisher,rotation,team_27,61,91,56,64,63,37,73,93,86,77,81,43,90,72,75,75,73,1.198,0.055
player_000037,Christopher,Powell,Christopher Powell,22,C,PF,big,85,266,Defensive Anchor,rotation,team_04,17,98,57,29,43,40,54,99,99,89,99,56,59,72,77,77,75,1.114,0.208
player_000315,David,Ortega,David Ortega,26,SF,PF,wing,79,196,Floor Spacer,rotation,team_18,91,66,97,70,72,49,98,38,38,31,39,73,97,72,77,77,76,1.025,0.3
player_000152,Derrick,Schneider,Derrick Schneider,27,SF,PF,wing,76,215,Primary Scorer,rotation,team_08,59,68,68,72,87,74,78,39,62,63,55,91,67,72,73,73,75,0.94,0.153
player_000170,George,Alvarez,George Alvarez,23,PG,SG,guard,77,209,Lead Creator,rotation,team_25,20,66,65,85,83,95,59,45,68,53,58,73,68,72,74,74,76,1.045,0.107
player_000042,Joseph,Green,Joseph Green,23,SF,SG,wing,77,238,Three-and-D Specialist,rotation,team_07,1,68,84,89,58,31,84,77,66,99,83,53,93,72,82,82,82,0.959,0.274
player_000378,Joshua,Patel,Joshua Patel,25,C,PF,big,83,264,Defensive Anchor,rotation,team_01,32,93,56,31,73,71,43,94,89,71,98,68,50,72,74,74,79,1.067,0.117
player_000302,Nathan,Vargas,Nathan Vargas,24,PG,SG,guard,75,189,Lead Creator,rotation,team_03,63,42,75,79,79,87,42,56,58,69,62,83,58,72,83,83,82,0.817,0.072
player_000298,Nathaniel,Chapman,Nathaniel Chapman,31,SF,SG,wing,78,231,Three-and-D Specialist,rotation,team_03,96,37,90,88,77,56,89,38,46,82,43,96,67,72,72,72,77,0.857,0.253
player_000278,Peter,Newman,Peter Newman,23,PG,SG,guard,76,193,Lead Creator,rotation,team_26,79,59,72,87,87,87,78,58,54,71,46,81,48,72,82,82,85,0.897,0.259
player_000450,Robert,Wood,Robert Wood,19,SF,PF,wing,80,213,Versatile Wing,rotation,team_23,5,72,85,83,78,65,67,65,70,51,50,92,89,72,86,86,92,1.058,0.147
player_000089,Samuel,Rivera,Samuel Rivera,29,SF,SG,wing,80,221,Floor Spacer,rotation,team_09,17,60,97,61,66,63,99,61,70,69,74,50,89,72,73,73,72,1.198,0.133
player_000071,Stanley,Sanchez,Stanley Sanchez,25,PG,SG,guard,72,160,Defensive Specialist,rotation,team_14,2,39,73,78,53,91,86,33,71,88,63,73,62,72,77,77,79,0.808,0.293
player_000411,Thomas,Miller,Thomas Miller,28,SF,PF,wing,78,244,Versatile Wing,rotation,team_23,37,54,70,77,83,77,66,52,54,57,45,94,99,72,73,73,72,0.805,0.28
player_000282,Alexander,Colon,Alexander Colon,23,PF,SF,wing,79,201,Versatile Wing,rotation,team_06,23,82,50,68,82,68,52,63,71,49,53,88,80,71,74,74,75,0.995,0.252
player_000136,Brian,Eaton,Brian Eaton,24,SF,SG,wing,78,215,Three-and-D Specialist,rotation,team_12,30,57,98,64,60,79,65,66,61,97,83,75,72,71,73,73,73,0.871,0.231
player_000274,Calvin,Barajas,Calvin Barajas,25,C,PF,big,82,233,Defensive Anchor,rotation,team_29,80,77,55,85,72,52,84,90,83,61,88,43,67,71,73,73,71,0.932,0.296
player_000376,Carl,Casey,Carl Casey,23,SF,SG,wing,83,247,Defensive Specialist,rotation,team_07,77,54,76,57,77,70,70,71,65,84,71,95,45,71,82,82,78,1.08,0.081
player_000077,David,Hoover,David Hoover,29,SG,PG,guard,79,180,Balanced Guard,rotation,team_10,31,71,85,62,77,71,55,58,70,63,47,72,86,71,74,74,77,0.939,0.13
player_000387,James,Marks,James Marks,25,PG,SG,guard,77,217,Lead Creator,rotation,team_19,58,62,80,74,78,88,76,53,60,46,53,73,36,71,71,71,73,1.079,0.196
player_000440,James,Paul,James Paul,19,SF,PF,wing,79,185,Versatile Wing,rotation,team_24,77,59,68,73,73,76,67,51,72,62,51,85,64,71,77,77,78,0.866,0.13
player_000081,Jason,Russell,Jason Russell,24,SG,PG,guard,74,212,Lead Creator,rotation,team_11,58,39,76,94,88,85,82,26,42,53,37,82,75,71,76,76,76,1.018,0.238
player_000157,John,Goodman,John Goodman,24,PG,SG,guard,76,199,Lead Creator,rotation,team_02,68,77,29,75,80,94,62,50,60,72,50,61,73,71,76,76,78,0.963,0.125
player_000248,Joshua,Ruiz,Joshua Ruiz,25,SF,PF,wing,80,220,Floor Spacer,rotation,team_15,55,52,99,79,62,43,99,59,63,54,56,64,77,71,71,71,78,0.934,0.169
player_000055,Mark,Greene,Mark Greene,22,SF,PF,wing,80,226,Versatile Wing,rotation,team_16,95,30,76,87,72,59,86,34,70,36,38,74,89,71,74,74,78,1.071,0.145
player_000432,Matthew,Campbell,Matthew Campbell,31,PG,SG,guard,74,210,Three-and-D Specialist,rotation,team_05,45,45,98,59,48,83,99,60,53,97,71,37,70,71,72,72,77,0.841,0.29
player_000197,Randall,Butler,Randall Butler,33,SF,SG,wing,78,220,Floor Spacer,rotation,team_21,21,65,87,82,64,80,91,29,63,72,58,68,83,71,71,71,71,0.945,0.26
player_000366,Tom,Smith,Tom Smith,20,SG,PG,guard,79,216,Primary Scorer,rotation,team_26,28,52,61,74,87,72,66,46,54,29,32,90,93,71,80,80,80,0.968,0.136
player_000176,Zachary,Ramsey,Zachary Ramsey,35,PF,SF,wing,81,204,Primary Scorer,rotation,team_28,97,81,56,52,84,57,41,70,80,55,82,63,50,71,72,72,76,1.102,0.289
player_000110,Chris,Davis,Chris Davis,23,PG,SG,guard,75,207,Table Setter,rotation,team_30,48,44,84,77,75,99,88,49,62,71,63,78,38,70,80,80,81,0.81,0.16
player_000407,Cole,Burns,Cole Burns,34,PF,SF,wing,81,197,Defensive Anchor,rotation,team_14,89,80,38,51,39,87,46,67,83,81,97,87,68,70,71,71,70,0.868,0.234
player_000385,Curtis,Wilson,Curtis Wilson,21,SF,PF,wing,79,194,Lead Creator,rotation,team_04,70,66,44,61,84,84,64,67,50,57,44,80,56,70,79,79,74,0.863,0.113
player_000283,Daniel,Hall,Daniel Hall,20,SG,SF,guard,76,185,Floor Spacer,rotation,team_30,66,44,90,76,73,58,65,55,61,74,64,74,97,70,76,76,73,0.883,0.192
player_000231,Eric,Brown,Eric Brown,25,SF,PF,wing,78,212,Versatile Wing,rotation,team_22,79,39,74,82,75,75,91,71,73,51,36,88,99,70,72,72,79,0.842,0.266
player_000074,James,Rogers,James Rogers,21,PG,SG,guard,78,192,Floor Spacer,rotation,team_22,56,52,94,91,70,74,76,31,36,67,45,81,65,70,79,79,76,1.132,0.153
player_000430,Jay,Frederick,Jay Frederick,23,C,PF,big,80,288,Defensive Anchor,rotation,team_13,7,93,48,30,55,70,86,91,83,99,88,57,63,70,73,73,71,1.157,0.158
player_000053,Mark,Martin,Mark Martin,23,C,PF,big,83,250,Interior Finisher,rotation,team_13,3,93,59,49,79,57,43,77,84,48,78,53,70,70,79,79,75,0.804,0.254
player_000412,Mark,Pearson,Mark Pearson,36,SF,PF,wing,75,270,Floor Spacer,rotation,team_07,94,67,92,86,76,71,67,25,52,57,60,71,68,70,71,71,70,0.957,0.172
player_000317,Michael,Sharp,Michael Sharp,26,SG,PG,guard,74,220,Primary Scorer,rotation,team_04,29,46,84,83,85,70,78,56,64,45,44,88,44,70,72,72,74,1.115,0.192
player_000137,Michael,Young,Michael Young,21,PG,SG,guard,71,195,Lead Creator,rotation,team_14,57,59,65,79,81,85,52,65,68,85,76,49,79,70,76,76,76,0.987,0.073
player_000205,Terrance,York,Terrance York,30,PF,SF,wing,78,233,Versatile Wing,rotation,team_26,85,88,61,64,71,66,77,65,64,73,54,68,60,70,70,70,70,1.026,0.131
player_000191,Antonio,Rosario,Antonio Rosario,29,PG,SG,guard,75,182,Lead Creator,rotation,team_27,86,88,29,74,82,91,63,45,57,67,62,61,64,69,70,70,73,0.936,0.157
player_000041,Benjamin,Jackson,Benjamin Jackson,24,SF,SG,wing,78,245,Floor Spacer,rotation,team_16,84,66,91,58,46,70,69,79,78,73,70,80,79,69,78,78,82,0.976,0.285
player_000200,Billy,Love,Billy Love,31,C,PF,big,84,274,Interior Finisher,rotation,team_01,25,98,31,48,64,33,42,85,67,66,89,64,74,69,69,69,73,0.922,0.079
player_000234,Bryan,Carroll,Bryan Carroll,22,PF,SF,wing,80,207,Versatile Wing,rotation,team_06,49,76,67,55,79,76,46,71,88,47,72,83,73,69,76,76,76,1.131,0.132
player_000297,Craig,Gibson,Craig Gibson,27,PF,SF,wing,82,214,Glass Cleaner,rotation,team_05,42,89,41,47,64,61,69,85,81,59,73,72,70,69,74,74,79,1.023,0.272
player_000203,Daniel,Hernandez,Daniel Hernandez,31,C,PF,big,83,212,Interior Finisher,rotation,team_17,30,92,38,32,69,89,71,86,79,37,83,77,82,69,69,69,69,0.808,0.095
player_000179,David,Gilbert,David Gilbert,22,SF,SG,wing,78,252,Versatile Wing,rotation,team_10,0,78,69,87,68,76,64,46,63,66,61,88,80,69,77,77,75,1.197,0.089
player_000442,Jacob,Andrews,Jacob Andrews,32,PG,SG,guard,73,201,Lead Creator,rotation,team_25,68,66,70,81,84,90,74,40,51,32,36,86,57,69,70,70,71,1.001,0.19
player_000362,Jeffery,Kirby,Jeffery Kirby,28,SF,PF,wing,79,225,Floor Spacer,rotation,team_15,26,63,86,47,57,60,76,77,75,63,72,59,54,69,72,72,73,1.04,0.158
player_000093,Jordan,Baker,Jordan Baker,29,SF,SG,wing,80,244,Three-and-D Specialist,rotation,team_19,73,71,92,71,74,38,48,83,70,98,91,49,51,69,71,71,73,0.975,0.29
player_000240,Joshua,Burns,Joshua Burns,19,C,PF,big,81,263,Interior Finisher,rotation,team_12,84,89,51,58,70,43,48,83,72,56,84,58,68,69,75,75,75,1.053,0.097
player_000316,Kevin,Hansen,Kevin Hansen,19,SF,SG,wing,80,242,Defensive Specialist,rotation,team_24,97,72,30,44,42,92,72,62,65,97,96,65,95,69,84,84,85,1.003,0.222
player_000258,Larry,Conrad,Larry Conrad,25,SG,SF,guard,75,160,Floor Spacer,rotation,team_29,26,39,99,57,62,40,89,51,58,52,48,82,89,69,75,75,72,0.869,0.269
player_000063,Michael,Garcia,Michael Garcia,22,PG,SG,guard,73,183,Defensive Specialist,rotation,team_11,37,71,37,71,76,97,58,65,50,82,64,75,66,69,80,80,83,0.934,0.183
player_000214,Patrick,Ferrell,Patrick Ferrell,27,PF,SF,wing,84,213,Primary Scorer,rotation,team_18,72,90,54,53,85,57,41,68,80,51,78,54,56,69,71,71,71,1.011,0.238
player_000336,Robert,Hubbard,Robert Hubbard,19,SG,SF,guard,75,178,Floor Spacer,rotation,team_02,41,40,99,58,63,43,94,50,51,64,50,74,85,69,80,80,73,1.18,0.278
player_000419,Russell,Rivera,Russell Rivera,19,C,PF,big,82,238,Defensive Anchor,rotation,team_28,17,81,34,63,72,39,28,79,99,63,91,67,74,69,75,75,79,1.182,0.234
player_000321,Scott,Keller,Scott Keller,23,C,PF,big,81,241,Defensive Anchor,rotation,team_21,68,87,68,55,64,63,65,99,91,87,86,62,97,69,73,73,75,1.139,0.288
player_000326,Andrew,Farley,Andrew Farley,23,C,PF,big,81,261,Defensive Anchor,rotation,team_23,20,94,50,27,52,69,48,90,82,90,85,72,98,68,76,76,76,1.196,0.27
player_000288,Andrew,Harris,Andrew Harris,27,PG,SG,guard,75,221,Floor Spacer,rotation,team_08,78,41,87,91,65,90,89,47,42,47,25,76,96,68,72,72,76,0.984,0.235
player_000345,Andrew,Torres,Andrew Torres,32,C,PF,big,81,238,Interior Finisher,rotation,team_02,71,97,47,43,44,66,67,95,98,57,80,55,70,68,68,68,69,0.816,0.251
player_000193,Anthony,Henderson,Anthony Henderson,25,SF,SG,wing,77,239,Defensive Specialist,rotation,team_03,19,65,76,65,51,71,63,72,81,99,62,56,65,68,69,69,68,1.174,0.244
player_000035,Brian,Burton,Brian Burton,20,PF,SF,wing,79,224,Versatile Wing,rotation,team_09,24,81,49,65,81,59,82,80,78,38,64,66,88,68,78,78,75,1.074,0.064
player_000341,Curtis,Dawson,Curtis Dawson,22,SG,SF,guard,77,206,Primary Scorer,rotation,team_08,9,59,72,85,86,61,51,30,45,49,52,50,63,68,78,78,79,1.098,0.093
player_000018,Gabriel,Mitchell,Gabriel Mitchell,22,C,PF,big,82,229,Interior Finisher,rotation,team_03,52,98,50,42,47,65,68,97,93,49,83,53,86,68,73,73,73,0.92,0.287
player_000422,James,French,James French,19,SG,PG,guard,76,181,Table Setter,rotation,team_20,22,51,78,49,82,79,72,58,49,36,35,90,58,68,73,73,71,0.959,0.225
player_000196,Matthew,Chambers,Matthew Chambers,25,SF,SG,wing,81,206,Floor Spacer,rotation,team_09,44,54,90,66,72,65,92,64,70,74,56,71,52,68,72,72,76,0.966,0.101
player_000352,Nicolas,Jones,Nicolas Jones,29,PG,SG,guard,77,185,Table Setter,rotation,team_11,82,55,69,82,74,98,69,36,44,41,45,92,56,68,69,69,68,0.842,0.278
player_000049,Paul,Moss,Paul Moss,24,SF,PF,wing,77,209,Floor Spacer,rotation,team_20,90,62,94,73,57,80,78,74,72,53,73,68,44,68,71,71,73,1.105,0.127
player_000447,Phillip,May,Phillip May,30,PG,SG,guard,76,217,Table Setter,rotation,team_23,64,71,74,70,79,78,68,53,47,43,45,85,54,68,71,71,70,1.139,0.106
player_000313,Shane,Chase,Shane Chase,30,C,PF,big,84,231,Defensive Anchor,rotation,team_24,94,96,39,38,56,25,42,93,83,37,93,68,64,68,69,69,68,0.932,0.238
player_000374,Adam,Hill,Adam Hill,19,C,PF,big,80,210,Two-Way Big,fringe,team_12,69,67,76,76,68,67,38,80,84,71,65,44,61,67,77,77,81,0.874,0.124
player_000309,Andrew,Oliver,Andrew Oliver,26,SG,SF,guard,75,219,Floor Spacer,fringe,team_19,98,51,90,78,64,40,79,75,46,62,63,79,95,67,72,72,75,0.941,0.089
player_000108,Brent,Stanley,Brent Stanley,26,SF,SG,wing,84,228,Defensive Specialist,fringe,team_22,39,71,65,62,57,40,80,77,56,85,90,38,73,67,67,67,68,1.018,0.107
player_000111,Brian,Roberts,Brian Roberts,23,PG,SG,guard,75,207,Three-and-D Specialist,fringe,team_21,17,46,80,74,41,73,95,61,41,96,72,77,87,67,73,73,78,0.856,0.247
player_000198,Carlos,Rosario,Carlos Rosario,20,C,PF,big,83,263,Glass Cleaner,fringe,team_29,59,83,43,25,61,64,69,92,92,57,83,78,71,67,76,76,72,0.93,0.102
player_000252,Daniel,Lowe,Daniel Lowe,26,PG,SG,guard,75,184,Table Setter,fringe,team_13,78,67,80,44,44,95,83,37,46,69,49,76,80,67,68,68,67,1.051,0.191
player_000102,David,Lee,David Lee,32,SG,SF,guard,74,160,Floor Spacer,fringe,team_25,2,68,99,83,62,49,70,64,39,78,72,67,99,67,68,68,69,1.092,0.138
player_000318,Douglas,Wyatt,Douglas Wyatt,28,SF,SG,wing,78,230,Defensive Specialist,fringe,team_17,34,74,57,70,45,76,79,57,62,96,72,50,55,67,68,68,69,0.902,0.12
player_000245,Edward,Patterson,Edward Patterson,21,SF,SG,wing,79,261,Three-and-D Specialist,fringe,team_05,19,43,89,73,54,74,83,56,38,84,76,68,95,67,74,74,76,1.028,0.111
player_000320,James,Bennett,James Bennett,25,SF,PF,wing,78,206,Versatile Wing,fringe,team_14,36,70,40,53,76,84,57,74,59,54,38,74,99,67,67,67,67,1.011,0.117
player_000275,Jason,Hampton,Jason Hampton,20,C,PF,big,85,242,Defensive Anchor,fringe,team_10,76,91,56,27,41,57,39,97,93,69,99,43,66,67,82,82,81,1.011,0.246
player_000141,Jesse,Hart,Jesse Hart,26,C,PF,big,84,286,Interior Finisher,fringe,team_04,87,96,55,55,71,28,28,93,95,42,80,59,62,67,67,67,67,0.994,0.169
player_000091,Joshua,Gonzalez,Joshua Gonzalez,19,C,PF,big,79,254,Interior Finisher,fringe,team_28,76,91,63,39,51,53,63,90,80,57,82,63,92,67,75,75,70,0.977,0.114
player_000024,Justin,Acosta,Justin Acosta,30,PG,SG,guard,75,211,Three-and-D Specialist,fringe,team_27,48,38,92,81,66,77,99,49,25,89,44,58,72,67,68,68,67,0.903,0.098
player_000269,Kevin,Johnson,Kevin Johnson,25,SG,SF,guard,76,189,Primary Scorer,fringe,team_15,0,72,64,97,85,63,42,52,54,90,69,40,56,67,73,73,72,0.916,0.166
player_000168,Nicholas,Hancock,Nicholas Hancock,21,PG,SG,guard,73,194,Defensive Specialist,fringe,team_06,89,55,66,76,41,65,94,67,43,99,67,77,85,67,74,74,75,1.173,0.225
player_000396,Richard,Mcclain,Richard Mcclain,28,SF,SG,wing,80,246,Three-and-D Specialist,fringe,team_18,18,47,93,74,61,75,85,50,30,99,74,72,98,67,69,69,70,0.842,0.088
player_000299,Steven,Smith,Steven Smith,26,SG,PG,guard,78,189,Defensive Specialist,fringe,team_30,29,48,49,79,76,72,45,68,59,85,64,66,53,67,70,70,68,0.853,0.181
player_000061,Thomas,Santos,Thomas Santos,20,PG,SG,guard,74,169,Floor Spacer,fringe,team_16,57,46,86,38,75,93,50,61,67,59,51,76,61,67,78,78,79,1.067,0.085
player_000117,Timothy,Cook,Timothy Cook,29,PG,SG,guard,78,195,Table Setter,fringe,team_01,48,74,62,51,72,76,75,57,52,70,68,41,52,67,68,68,67,0.929,0.189
player_000187,Bradley,Morris,Bradley Morris,32,C,PF,big,81,249,Defensive Anchor,fringe,team_15,34,89,60,64,59,50,64,85,80,59,90,50,61,66,66,66,69,1.088,0.206
player_000183,Brett,Berry,Brett Berry,32,PG,SG,guard,80,206,Defensive Specialist,fringe,team_21,23,48,71,59,53,94,61,54,44,81,61,79,69,66,67,67,66,0.917,0.21
player_000022,Daniel,Downs,Daniel Downs,30,SG,SF,guard,75,166,Balanced Guard,fringe,team_28,83,35,80,63,82,57,69,41,58,71,74,55,66,66,67,67,69,0.841,0.271
player_000058,Daniel,Stewart,Daniel Stewart,26,PG,SG,guard,77,209,Table Setter,fringe,team_06,55,43,85,37,76,93,45,65,66,67,45,81,57,66,69,69,69,1.147,0.212
player_000436,Eric,Davis,Eric Davis,23,C,PF,big,84,259,Interior Finisher,fringe,team_26,46,94,46,62,48,62,61,92,78,44,96,55,88,66,76,76,79,0.879,0.077
player_000107,John,Aguirre,John Aguirre,22,SF,SG,wing,79,221,Floor Spacer,fringe,team_10,80,69,86,49,61,55,49,73,71,72,60,93,99,66,70,70,72,1.155,0.236
player_000099,John,Davis,John Davis,21,SG,SF,guard,73,208,Balanced Guard,fringe,team_16,56,29,84,63,83,61,79,38,64,78,62,53,61,66,73,73,72,0.963,0.166
player_000342,John,Lewis,John Lewis,27,PG,SG,guard,73,231,Table Setter,fringe,team_29,23,77,65,55,76,76,77,53,58,57,70,35,52,66,68,68,68,0.974,0.256
player_000162,Joshua,Cox,Joshua Cox,23,PG,SG,guard,74,168,Lead Creator,fringe,team_12,88,62,50,93,80,84,52,54,46,32,26,81,61,66,68,68,67,0.947,0.213
player_000185,Kyle,Hill,Kyle Hill,20,SF,SG,wing,80,208,Versatile Wing,fringe,team_07,4,33,75,85,82,69,46,54,58,66,70,82,25,66,79,79,76,1.053,0.097
player_000401,Nicholas,Molina,Nicholas Molina,21,C,PF,big,81,251,Defensive Anchor,fringe,team_26,51,62,75,70,67,59,79,78,84,61,87,46,81,66,80,80,83,0.876,0.282
player_000268,Stephen,Hawkins,Stephen Hawkins,25,C,PF,big,86,251,Defensive Anchor,fringe,team_05,88,91,41,36,45,39,42,95,97,62,91,57,77,66,72,72,69,1.086,0.23
player_000124,Tyler,Graham,Tyler Graham,19,SF,SG,wing,79,223,Floor Spacer,fringe,team_07,84,29,96,85,69,48,93,28,40,66,34,75,84,66,81,81,78,0.915,0.155
player_000221,Aaron,Henderson,Aaron Henderson,19,PG,SG,guard,77,196,Defensive Specialist,fringe,team_18,13,52,71,53,53,85,81,73,68,85,84,63,56,65,77,77,81,0.801,0.056
player_000325,Brandon,Colon,Brandon Colon,29,SG,PG,guard,72,183,Balanced Guard,fringe,team_23,11,53,53,69,79,69,89,34,54,57,57,68,82,65,65,65,65,0.974,0.262
player_000206,Christopher,Gibson,Christopher Gibson,28,PG,SG,guard,75,201,Lead Creator,fringe,team_17,75,75,37,87,81,88,74,72,69,38,43,60,27,65,68,68,68,0.937,0.084
player_000201,Christopher,Leonard,Christopher Leonard,28,PG,SG,guard,75,182,Defensive Specialist,fringe,team_13,9,51,82,75,70,74,55,68,56,80,81,49,49,65,68,68,71,1.115,0.259
player_000178,Christopher,Maxwell,Christopher Maxwell,19,SF,PF,wing,81,197,Versatile Wing,fringe,team_01,90,72,84,74,68,43,88,61,43,47,37,78,97,65,71,71,72,0.983,0.229
player_000394,Christopher,Nelson,Christopher Nelson,33,SF,SG,wing,79,210,Three-and-D Specialist,fringe,team_20,95,39,87,70,54,70,78,56,35,88,63,66,93,65,66,66,65,1.029,0.259
player_000222,Donald,Walton,Donald Walton,20,SF,PF,wing,82,242,Versatile Wing,fringe,team_19,6,54,70,80,59,55,92,77,51,50,43,76,91,65,80,80,82,0.83,0.156
player_000189,Edward,Hudson,Edward Hudson,21,PF,SF,wing,79,207,Versatile Wing,fringe,team_30,74,81,48,54,68,56,72,79,81,44,49,80,87,65,75,75,75,1.066,0.172
player_000428,Isaac,Terry,Isaac Terry,28,PG,SG,guard,76,185,Table Setter,fringe,team_22,19,36,55,96,78,79,48,43,38,51,39,80,91,65,67,67,68,0.801,0.233
player_000236,Joseph,Campbell,Joseph Campbell,24,C,PF,big,83,247,Interior Finisher,fringe,team_27,58,91,37,50,56,56,45,91,97,57,69,47,40,65,75,75,72,1.136,0.277
player_000084,Kenneth,Robinson,Kenneth Robinson,21,SF,PF,wing,78,199,Versatile Wing,fringe,team_25,56,83,83,72,74,72,93,51,52,37,42,57,68,65,72,72,71,0.867,0.275
player_000261,Michael,Collins,Michael Collins,26,C,PF,big,80,228,Defensive Specialist,fringe,team_08,28,46,73,65,60,43,63,82,77,96,90,69,67,65,67,67,70,1.015,0.099
player_000406,Nathan,Kelly,Nathan Kelly,20,C,PF,big,83,261,Defensive Specialist,fringe,team_09,98,81,31,49,80,79,25,83,87,74,82,61,77,65,71,71,73,1.189,0.115
player_000088,Parker,Hunt,Parker Hunt,29,PF,SF,wing,81,270,Defensive Specialist,fringe,team_14,64,72,59,59,54,75,95,78,78,86,88,47,69,65,66,66,65,1.183,0.186
player_000030,Terry,Perry,Terry Perry,27,SF,SG,wing,81,227,Defensive Specialist,fringe,team_04,6,71,58,65,50,72,75,77,44,85,66,77,67,65,66,66,65,1.033,0.163
player_000327,Chad,Tanner,Chad Tanner,20,SG,SF,guard,71,209,Three-and-D Specialist,fringe,team_02,62,44,94,84,73,67,92,62,25,84,49,58,71,64,72,72,66,0.995,0.187
player_000130,Christian,Ross,Christian Ross,19,SF,SG,wing,80,224,Defensive Specialist,fringe,team_19,96,67,47,68,60,72,64,59,78,83,64,73,94,64,71,71,70,0.915,0.053
player_000284,Christopher,Douglas,Christopher Douglas,25,PG,SG,guard,76,172,Three-and-D Specialist,fringe,team_27,34,66,82,50,56,62,36,51,63,92,85,52,89,64,70,70,76,0.953,0.13
player_000105,Christopher,Santos,Christopher Santos,27,SG,PG,guard,74,181,Table Setter,fringe,team_18,36,58,43,99,82,78,53,57,47,25,25,80,57,64,70,70,76,1.133,0.206
player_000038,Daniel,Mack,Daniel Mack,23,C,PF,big,79,244,Defensive Anchor,fringe,team_11,49,77,61,40,49,52,50,98,98,72,88,51,64,64,73,73,71,0.996,0.148
player_000301,David,Gibson,David Gibson,28,PF,SF,wing,77,225,Versatile Wing,fringe,team_17,98,87,43,56,68,44,72,76,75,65,64,92,70,64,65,65,67,1.116,0.162
player_000163,David,Young,David Young,24,SF,SG,wing,78,214,Floor Spacer,fringe,team_02,9,67,99,56,53,80,79,48,74,76,75,55,69,64,75,75,76,0.915,0.148
player_000190,Drew,Patton,Drew Patton,29,C,PF,big,81,239,Defensive Anchor,fringe,team_22,28,77,47,42,54,26,75,93,85,92,99,46,76,64,65,65,66,1.079,0.084
player_000212,Dustin,Ross,Dustin Ross,25,C,PF,big,80,210,Three-and-D Specialist,fringe,team_08,34,39,89,77,50,50,61,72,81,87,82,73,85,64,67,67,64,0.827,0.091
player_000293,Eric,Garcia,Eric Garcia,32,SF,SG,wing,78,225,Versatile Wing,fringe,team_13,94,79,77,49,44,72,88,73,57,67,61,72,77,64,65,65,67,0.834,0.163
player_000019,James,Fox,James Fox,21,SF,PF,wing,80,186,Versatile Wing,fringe,team_03,4,56,57,93,64,70,74,65,37,60,45,82,64,64,80,80,79,1.125,0.218
player_000013,Jason,Freeman,Jason Freeman,21,PG,SG,guard,73,221,Floor Spacer,fringe,team_24,95,51,91,72,66,72,78,42,34,53,69,43,71,64,78,78,76,0.827,0.238
player_000032,Jeremy,West,Jeremy West,21,PG,SG,guard,75,191,Floor Spacer,fringe,team_11,34,44,93,87,78,79,84,39,49,31,33,76,69,64,77,77,78,0.919,0.065
player_000051,Jesus,Matthews,Jesus Matthews,25,PF,SF,wing,80,217,Primary Scorer,fringe,team_30,68,88,56,51,84,67,49,76,64,57,65,45,43,64,67,67,68,0.978,0.193
player_000199,Joseph,Flores,Joseph Flores,28,SF,SG,wing,81,206,Floor Spacer,fringe,team_09,32,61,92,60,38,71,88,71,66,72,75,68,63,64,64,64,65,1.115,0.189
player_000381,Joseph,Garcia,Joseph Garcia,22,SF,PF,wing,82,240,Floor Spacer,fringe,team_01,28,25,91,93,75,61,75,52,57,42,39,72,81,64,66,66,69,1.077,0.162
player_000304,Kevin,Wilson,Kevin Wilson,19,C,PF,big,80,219,Floor Spacer,fringe,team_03,20,58,86,52,67,49,58,71,76,45,87,76,83,64,75,75,76,0.852,0.085
player_000253,Michael,Morgan,Michael Morgan,20,SF,PF,wing,80,213,Versatile Wing,fringe,team_24,42,56,61,91,79,76,67,35,57,64,61,74,44,64,74,74,81,0.825,0.118
player_000012,Tyrone,Baker,Tyrone Baker,27,PG,SG,guard,74,202,Defensive Specialist,fringe,team_25,34,44,59,69,35,90,69,40,32,80,58,70,99,64,67,67,70,0.876,0.156
player_000118,Alan,Ross,Alan Ross,28,SG,SF,guard,75,204,Defensive Specialist,fringe,team_06,73,83,63,49,61,53,68,80,50,94,74,46,41,63,65,65,69,0.834,0.06
player_000368,Anthony,Jackson,Anthony Jackson,21,PG,SG,guard,73,183,Defensive Specialist,fringe,team_20,86,55,65,75,34,84,74,60,31,99,57,47,45,63,71,71,74,0.945,0.191
player_000186,Casey,Hicks,Casey Hicks,21,SF,SG,wing,79,223,Three-and-D Specialist,fringe,team_04,57,53,92,57,45,56,86,68,70,82,87,69,85,63,74,74,72,0.929,0.097
player_000249,Charles,Brown,Charles Brown,26,SF,SG,wing,79,196,Defensive Specialist,fringe,team_05,59,62,74,74,40,69,68,65,59,95,74,75,72,63,64,64,64,0.844,0.259
player_000397,Clifford,Elliott,Clifford Elliott,27,SF,PF,wing,78,185,Versatile Wing,fringe,team_26,86,60,58,73,68,89,81,25,55,59,30,75,88,63,69,69,63,0.928,0.161
player_000002,Dennis,Burgess,Dennis Burgess,22,PG,SG,guard,79,179,Table Setter,fringe,team_16,33,55,61,80,77,94,63,51,44,64,58,48,66,63,68,68,70,1.116,0.103
player_000146,Frank,Cameron,Frank Cameron,25,C,PF,big,82,223,Two-Way Big,fringe,team_15,4,60,68,39,67,70,84,75,80,57,79,67,60,63,65,65,68,1.047,0.16
player_000400,Gregory,Powell,Gregory Powell,20,C,PF,big,82,241,Interior Finisher,fringe,team_14,47,95,45,37,60,25,56,89,78,63,84,45,58,63,78,78,80,1.08,0.121
player_000014,Juan,Garrett,Juan Garrett,27,C,PF,big,84,233,Three-and-D Specialist,fringe,team_14,66,51,83,66,57,67,69,75,74,99,90,49,39,63,63,63,63,1.174,0.067
player_000160,Kevin,Ortiz,Kevin Ortiz,23,SF,PF,wing,81,221,Primary Scorer,fringe,team_10,3,51,81,68,88,60,35,46,58,31,31,70,60,63,66,66,73,1.113,0.265
player_000128,Marc,Hernandez,Marc Hernandez,25,C,PF,big,87,250,Defensive Anchor,fringe,team_21,51,86,46,39,72,55,32,85,93,75,88,46,44,63,66,66,65,0.827,0.113
player_000228,Matthew,Gill,Matthew Gill,23,SF,SG,wing,79,214,Defensive Specialist,fringe,team_29,83,62,71,89,41,55,90,48,38,82,65,82,87,63,65,65,68,0.81,0.253
player_000211,Michael,Stephens,Michael Stephens,28,SF,PF,wing,80,222,Floor Spacer,fringe,team_12,47,32,86,77,74,80,57,45,70,54,66,73,53,63,65,65,70,0.94,0.065
player_000017,Nathan,Lambert,Nathan Lambert,27,PG,SG,guard,77,190,Three-and-D Specialist,fringe,team_23,47,56,80,40,42,80,47,60,70,97,67,61,64,63,69,69,74,0.877,0.258
player_000167,Nathan,Simmons,Nathan Simmons,30,PG,SG,guard,73,161,Table Setter,fringe,team_28,49,35,61,69,41,94,77,42,30,79,66,64,99,63,64,64,63,1.008,0.108
player_000271,Steven,Beard,Steven Beard,27,C,PF,big,81,227,Defensive Anchor,fringe,team_07,30,90,43,41,74,61,34,86,92,79,87,43,45,63,69,69,63,0.997,0.087
player_000145,Todd,Carter,Todd Carter,32,SF,PF,wing,80,230,Floor Spacer,fringe,team_04,78,58,93,73,66,52,76,69,66,51,46,69,65,63,63,63,66,0.942,0.258
player_000354,Adam,Knox,Adam Knox,27,PG,SG,guard,75,164,Table Setter,fringe,team_07,67,70,64,62,75,82,99,48,41,57,50,43,46,62,67,67,72,0.844,0.296
player_000217,Anthony,Jones,Anthony Jones,27,SF,SG,wing,81,185,Defensive Specialist,fringe,team_10,52,37,77,70,46,79,68,58,64,91,84,65,39,62,67,67,62,1.183,0.056
player_000139,Dale,Lewis,Dale Lewis,33,SF,SG,wing,79,233,Floor Spacer,fringe,team_15,74,31,95,57,45,79,66,54,70,69,76,83,80,62,62,62,64,1.132,0.276
player_000370,Darryl,Warren,Darryl Warren,20,SF,SG,wing,77,211,Defensive Specialist,fringe,team_20,68,58,81,71,58,60,95,70,58,73,81,32,37,62,76,76,75,1.129,0.169
player_000431,Erik,Pena,Erik Pena,21,SF,PF,wing,78,227,Versatile Wing,fringe,team_26,99,60,60,80,76,44,75,47,61,32,40,85,73,62,71,71,70,1.019,0.13
player_000040,Jared,Oliver,Jared Oliver,21,SG,SF,guard,76,235,Floor Spacer,fringe,team_23,15,49,99,76,64,44,98,45,49,45,50,31,58,62,75,75,75,0.982,0.151
player_000260,Jeffrey,Chandler,Jeffrey Chandler,25,C,PF,big,83,218,Defensive Anchor,fringe,team_21,74,89,46,45,69,39,33,80,93,25,92,56,58,62,63,63,62,1.066,0.236
player_000382,Jimmy,Hines,Jimmy Hines,24,SF,PF,wing,83,207,Versatile Wing,fringe,team_12,1,45,72,87,65,54,74,58,38,63,58,86,74,62,64,64,67,0.862,0.292
player_000242,John,Gutierrez,John Gutierrez,20,C,PF,big,84,226,Interior Finisher,fringe,team_24,78,92,53,64,64,45,34,79,85,52,75,55,44,62,73,73,77,0.836,0.059
player_000086,Joseph,Anderson,Joseph Anderson,23,PF,SF,wing,78,240,Versatile Wing,fringe,team_02,65,70,64,75,80,65,39,68,78,68,66,36,42,62,68,68,67,0.804,0.068
player_000409,Joseph,Wilson,Joseph Wilson,32,SG,SF,guard,76,194,Floor Spacer,fringe,team_19,83,47,94,79,69,51,90,43,47,56,39,47,66,62,62,62,62,0.838,0.187
player_000390,Kurt,Stewart,Kurt Stewart,19,PG,SG,guard,74,232,Floor Spacer,fringe,team_03,55,46,93,75,45,82,58,51,58,72,54,76,67,62,70,70,70,0.9,0.103
player_000335,Matthew,Ward,Matthew Ward,27,PG,SG,guard,75,212,Table Setter,fringe,team_06,64,49,68,66,66,89,66,75,53,69,41,56,77,62,64,64,65,1.17,0.098
player_000066,Michael,Wilkerson,Michael Wilkerson,22,SF,PF,wing,79,246,Versatile Wing,fringe,team_11,19,53,69,81,54,48,88,69,41,40,42,70,94,62,68,68,68,1.137,0.245
player_000025,Nicholas,Edwards,Nicholas Edwards,24,SF,PF,wing,77,241,Versatile Wing,fringe,team_16,94,63,51,90,74,62,56,52,72,59,55,72,51,62,67,67,67,0.874,0.051
player_000016,Paul,Hutchinson,Paul Hutchinson,25,SF,SG,wing,77,196,Floor Spacer,fringe,team_05,34,74,89,53,61,49,78,65,64,77,61,73,65,62,62,62,62,0.854,0.18
player_000351,Richard,Vega,Richard Vega,31,PG,SG,guard,75,193,Table Setter,fringe,team_28,15,57,58,42,39,87,92,58,67,78,68,49,56,62,63,63,68,1.011,0.06
player_000296,Shane,Parker,Shane Parker,25,PG,SG,guard,76,195,Table Setter,fringe,team_29,46,52,69,83,75,85,51,34,60,32,41,83,73,62,63,63,65,1.142,0.128
player_000210,Aaron,Martinez,Aaron Martinez,22,PG,SG,guard,77,222,Table Setter,fringe,team_01,64,34,66,82,61,79,88,49,81,72,74,44,72,61,66,66,62,0.842,0.07
player_000359,Adrian,Hart,Adrian Hart,25,SF,PF,wing,79,218,Versatile Wing,fringe,team_25,97,62,42,32,74,55,43,63,74,44,53,79,75,61,63,63,62,0.819,0.115
player_000067,Brian,Miller,Brian Miller,24,PG,SG,guard,73,183,Floor Spacer,fringe,team_17,94,51,88,90,73,78,82,33,38,57,44,62,61,61,64,64,64,0.899,0.101
player_000166,Carl,Conner,Carl Conner,29,PG,SG,guard,76,216,Table Setter,fringe,team_22,52,41,72,68,61,91,72,72,48,72,38,49,79,61,64,64,63,0.849,0.213
player_000372,Charles,Hernandez,Charles Hernandez,20,SF,SG,wing,81,235,Floor Spacer,fringe,team_18,85,66,92,60,41,67,82,76,62,78,72,66,59,61,74,74,72,1.174,0.109
player_000332,Charles,Hughes,Charles Hughes,19,SF,SG,wing,79,220,Defensive Specialist,fringe,team_30,60,72,72,87,46,60,84,37,40,94,53,81,85,61,74,74,78,1.162,0.288
player_000361,Daniel,Jones,Daniel Jones,20,PG,SG,guard,77,211,Balanced Guard,fringe,team_17,96,43,69,75,44,67,64,50,46,76,57,82,63,61,70,70,68,0.935,0.119
player_000048,David,Richardson,David Richardson,28,PG,SG,guard,76,216,Balanced Guard,fringe,team_20,47,29,71,66,46,44,77,62,49,63,74,81,77,61,62,62,64,0.957,0.284
player_000219,Frank,Dean,Frank Dean,26,PF,SF,wing,77,200,Defensive Anchor,fringe,team_11,68,72,72,42,41,26,56,82,82,91,89,43,83,61,61,61,66,1.142,0.128
player_000444,Jason,Flores,Jason Flores,22,SF,PF,wing,83,219,Versatile Wing,fringe,team_18,58,39,74,61,64,68,34,56,81,60,69,74,81,61,64,64,64,1.063,0.225
player_000090,John,Calderon,John Calderon,32,SF,SG,wing,79,214,Versatile Wing,fringe,team_13,87,82,55,67,46,57,68,83,64,75,57,78,96,61,62,62,63,0.891,0.255
player_000027,Joshua,Dennis,Joshua Dennis,24,SF,SG,wing,77,218,Defensive Specialist,fringe,team_27,1,64,82,55,36,57,91,69,69,80,79,61,63,61,63,63,68,0.889,0.061
player_000331,Lawrence,Booth,Lawrence Booth,19,PG,SG,guard,75,175,Defensive Specialist,fringe,team_01,14,61,65,59,35,80,82,70,61,90,77,69,83,61,71,71,68,0.962,0.069
player_000135,Logan,Bonilla,Logan Bonilla,25,PF,SF,wing,82,254,Defensive Specialist,fringe,team_30,15,78,79,63,60,41,47,74,79,33,83,77,53,61,66,66,66,1.1,0.272
player_000213,Michael,Johnson,Michael Johnson,25,SF,SG,wing,80,238,Defensive Specialist,fringe,team_26,57,69,55,48,26,77,72,78,74,98,75,66,58,61,61,61,61,0.986,0.273
player_000143,Michael,Taylor,Michael Taylor,28,PG,SG,guard,76,213,Floor Spacer,fringe,team_03,30,52,86,39,37,46,76,85,56,68,71,54,88,61,61,61,62,1.127,0.156
player_000241,Michael,Zhang,Michael Zhang,20,SF,SG,wing,77,232,Versatile Wing,fringe,team_22,63,88,68,68,53,59,84,78,37,68,50,80,79,61,67,67,68,1.137,0.242
player_000250,Nicholas,Thomas,Nicholas Thomas,19,PG,SG,guard,74,210,Table Setter,fringe,team_09,1,40,58,65,77,80,78,66,57,78,58,53,74,61,69,69,70,0.882,0.079
player_000312,Patrick,Hunter,Patrick Hunter,21,PG,SG,guard,70,223,Table Setter,fringe,team_27,12,48,55,88,61,75,71,54,62,48,66,72,74,61,77,77,74,1.137,0.179
player_000347,Philip,Meyer,Philip Meyer,22,PG,SG,guard,75,195,Table Setter,fringe,team_08,56,75,42,82,49,78,62,64,73,54,30,73,66,61,68,68,62,1.021,0.257
player_000207,Robert,Jenkins,Robert Jenkins,23,PF,SF,wing,79,221,Versatile Wing,fringe,team_25,46,63,44,35,77,54,36,57,85,33,70,90,70,61,72,72,75,1.178,0.213
player_000147,Russell,Cooper,Russell Cooper,26,PG,SG,guard,75,189,Lead Creator,fringe,team_09,65,69,54,55,78,87,36,53,55,42,47,73,25,61,64,64,65,1.012,0.08
player_000188,Terrence,Silva,Terrence Silva,26,SF,PF,wing,78,213,Versatile Wing,fringe,team_08,74,51,69,75,75,46,48,58,74,45,64,76,69,61,61,61,61,0.908,0.231
player_000120,Travis,Dickson,Travis Dickson,31,PG,SG,guard,72,214,Glass Cleaner,fringe,team_23,55,81,65,51,39,60,78,84,65,99,71,33,59,61,61,61,67,1.068,0.067
player_000244,Wesley,Walker,Wesley Walker,30,PG,SG,guard,74,200,Balanced Guard,fringe,team_07,38,50,51,87,66,73,77,59,76,53,49,72,74,61,61,61,63,1.183,0.168
player_000127,Willie,Beard,Willie Beard,23,SG,PG,guard,75,176,Primary Scorer,fringe,team_13,80,62,45,77,90,77,53,43,37,25,33,58,39,61,70,70,71,0.924,0.279
player_000182,Bryan,Bradley,Bryan Bradley,25,PG,SG,guard,78,205,Table Setter,fringe,team_28,36,42,62,93,70,89,56,42,32,65,42,70,70,60,61,61,63,0.858,0.173
player_000300,Christopher,Torres,Christopher Torres,31,SF,PF,wing,77,199,Versatile Wing,fringe,team_15,30,64,80,88,56,74,71,67,61,51,68,48,72,60,60,60,64,0.921,0.052
player_000050,Craig,Ellis,Craig Ellis,20,C,PF,big,83,241,Interior Finisher,fringe,team_02,46,85,30,50,57,50,42,81,77,89,90,36,37,60,66,66,68,1.07,0.166
player_000109,Eric,Barnes,Eric Barnes,29,PG,SG,guard,72,167,Defensive Specialist,fringe,team_05,70,63,69,60,64,78,51,55,59,82,56,39,79,60,60,60,60,1.111,0.263
player_000008,Eric,Duffy,Eric Duffy,29,PF,SF,wing,80,200,Versatile Wing,fringe,team_29,19,63,69,50,52,51,87,82,85,66,64,59,81,60,62,62,60,1.056,0.259
player_000096,Eric,Williams,Eric Williams,19,C,PF,big,84,210,Glass Cleaner,fringe,team_19,99,78,49,30,38,52,59,99,80,40,83,59,70,60,72,72,70,1.12,0.108
player_000232,James,Anderson,James Anderson,19,PG,SG,guard,73,186,Defensive Specialist,fringe,team_24,54,85,64,49,55,99,58,66,64,87,58,38,64,60,68,68,65,0.884,0.204
player_000113,James,Villanueva,James Villanueva,30,SF,PF,wing,80,214,Versatile Wing,fringe,team_21,54,66,66,52,48,49,93,75,80,60,73,59,66,60,60,60,60,1.081,0.287
player_000421,Jason,Wilson,Jason Wilson,29,C,PF,big,80,235,Two-Way Big,fringe,team_30,51,83,62,50,52,45,76,63,68,47,77,69,83,60,62,62,63,1.175,0.114
player_000265,Jonathan,Rice,Jonathan Rice,22,PF,C,big,83,232,Interior Finisher,fringe,team_14,62,87,41,64,52,44,91,82,50,74,76,48,66,60,69,69,72,1.095,0.079
player_000174,Michael,Carr,Michael Carr,23,SF,PF,wing,78,210,Versatile Wing,fringe,team_16,60,64,39,34,70,66,37,64,73,41,65,82,66,60,70,70,63,0.885,0.296
player_000389,Michael,Davis,Michael Davis,27,SF,PF,wing,78,217,Versatile Wing,fringe,team_04,3,61,48,37,82,63,39,62,80,43,58,77,71,60,60,60,60,0.86,0.087
player_000078,Randall,Ruiz,Randall Ruiz,19,C,PF,big,82,243,Glass Cleaner,fringe,team_02,20,78,52,42,35,62,44,89,87,84,74,47,74,60,75,75,79,1.071,0.249
player_000047,Scott,Mcbride,Scott Mcbride,23,SF,SG,wing,80,225,Defensive Specialist,fringe,team_06,4,62,56,87,60,38,74,66,59,81,67,42,84,60,65,65,64,1.199,0.244
player_000357,Steven,Kelly,Steven Kelly,27,PG,SG,guard,76,197,Glass Cleaner,fringe,team_10,14,45,38,59,55,81,74,89,78,96,90,59,52,60,66,66,69,0.89,0.212
player_000435,Wayne,Hubbard,Wayne Hubbard,24,PG,SG,guard,75,213,Glass Cleaner,fringe,team_12,15,57,32,44,72,83,54,85,55,75,45,66,76,60,66,66,68,0.995,0.053
player_000405,David,Mueller,David Mueller,32,PF,C,big,81,233,Two-Way Big,fringe,team_25,51,54,41,66,58,45,84,73,68,45,75,80,30,59,59,59,61,0.99,0.192
player_000379,Dennis,Watson,Dennis Watson,25,PG,SG,guard,72,182,Defensive Specialist,fringe,team_12,8,47,62,53,48,94,64,61,60,82,60,48,77,59,59,59,61,0.826,0.057
player_000263,Derek,Nguyen,Derek Nguyen,21,C,PF,big,84,241,Interior Finisher,fringe,team_27,33,92,62,56,49,45,61,87,79,57,92,40,38,59,72,72,68,0.808,0.223
player_000441,Dustin,Jackson,Dustin Jackson,29,PG,SG,guard,76,176,Table Setter,fringe,team_29,62,40,54,86,61,77,73,60,62,50,58,68,68,59,59,59,59,0.98,0.072
player_000154,John,Smith,John Smith,34,SF,PF,wing,84,224,Versatile Wing,fringe,team_10,22,59,46,76,67,66,65,70,62,48,27,64,80,59,59,59,59,1.066,0.102
player_000010,Kyle,Vang,Kyle Vang,24,SF,PF,wing,78,223,Versatile Wing,fringe,team_16,86,48,71,67,69,49,88,59,47,53,25,73,85,59,63,63,63,0.836,0.206
player_000251,Marcus,Jones,Marcus Jones,19,PG,SG,guard,73,175,Table Setter,fringe,team_24,87,31,77,73,63,93,74,43,46,68,45,66,54,59,73,73,73,0.962,0.068
player_000445,Scott,Mejia,Scott Mejia,19,PF,C,big,81,236,Glass Cleaner,fringe,team_18,88,61,66,79,58,60,90,87,68,71,61,60,36,59,75,75,74,0.932,0.133
player_000021,Brian,Murphy,Brian Murphy,19,C,PF,big,79,278,Interior Finisher,fringe,team_22,65,94,57,60,56,46,41,83,69,51,85,36,41,58,64,64,69,0.85,0.154
player_000073,Jacob,Ingram,Jacob Ingram,30,SF,PF,wing,79,222,Floor Spacer,fringe,team_17,73,36,93,69,35,45,65,73,58,38,47,77,84,58,58,58,58,1.099,0.293
player_000161,Jacob,Robinson,Jacob Robinson,26,PG,SG,guard,73,186,Defensive Specialist,fringe,team_15,76,74,62,62,32,79,90,61,41,90,42,45,70,58,60,60,63,1.184,0.156
player_000384,Jose,Williams,Jose Williams,25,PG,SG,guard,77,212,Balanced Guard,fringe,team_05,49,72,76,64,43,62,93,56,36,73,56,64,49,58,62,62,62,1.087,0.286
player_000424,Justin,Oconnor,Justin Oconnor,21,SF,SG,wing,78,194,Three-and-D Specialist,fringe,team_21,53,59,88,66,50,66,99,32,33,84,67,42,62,58,67,67,68,0.905,0.125
player_000133,Kevin,Mcbride,Kevin Mcbride,21,SF,PF,wing,76,206,Versatile Wing,fringe,team_19,48,62,74,79,65,48,70,37,44,54,45,62,71,58,65,65,62,1.012,0.08
player_000172,Michael,Simon,Michael Simon,33,C,PF,big,81,228,Interior Finisher,fringe,team_23,12,92,50,43,30,56,41,95,88,84,72,43,42,58,58,58,58,1.008,0.07
player_000267,Michael,Wilkinson,Michael Wilkinson,22,SF,PF,wing,78,219,Floor Spacer,fringe,team_01,84,61,98,51,60,65,94,45,46,36,35,67,77,58,60,60,58,1.132,0.079
player_000350,Miguel,Guzman,Miguel Guzman,22,SF,SG,wing,80,217,Versatile Wing,fringe,team_13,40,55,71,80,68,48,65,61,70,67,68,66,70,58,60,60,58,1.188,0.088
player_000314,Paul,Johnson,Paul Johnson,19,SF,PF,wing,78,227,Versatile Wing,fringe,team_28,34,39,57,87,43,62,82,74,63,45,59,65,79,58,73,73,73,0.964,0.128
player_000083,Robert,Chapman,Robert Chapman,23,C,PF,big,82,252,Defensive Anchor,fringe,team_08,76,89,59,36,46,55,58,99,91,73,91,55,54,58,69,69,71,0.808,0.238
player_000367,Steven,Baker,Steven Baker,27,PF,C,big,86,231,Glass Cleaner,fringe,team_23,91,62,62,78,55,51,66,84,84,54,50,58,74,58,61,61,60,1.129,0.127
player_000158,Tony,Murray,Tony Murray,21,SF,PF,wing,82,225,Floor Spacer,fringe,team_06,69,28,95,74,54,58,80,43,44,37,55,77,94,58,74,74,73,1.035,0.178
player_000129,Bryce,Hernandez,Bryce Hernandez,19,SF,SG,wing,82,221,Floor Spacer,fringe,team_14,35,46,94,83,73,58,91,34,44,67,48,42,48,57,66,66,67,1.058,0.161
player_000070,Edward,Dixon,Edward Dixon,23,C,PF,big,83,240,Two-Way Big,fringe,team_18,92,76,83,44,64,27,70,79,69,57,76,49,43,57,64,64,69,1.11,0.275
player_000173,John,Hernandez,John Hernandez,31,SF,PF,wing,74,199,Versatile Wing,fringe,team_09,47,53,85,73,82,42,68,58,44,50,25,40,48,57,57,57,61,1.194,0.072
player_000323,Matthew,Wallace,Matthew Wallace,25,SF,PF,wing,79,245,Versatile Wing,fringe,team_20,75,85,59,60,58,58,74,77,61,44,65,51,59,57,63,63,67,1.126,0.127
player_000415,Maurice,Henry,Maurice Henry,28,SF,PF,wing,77,185,Floor Spacer,fringe,team_11,14,44,92,79,51,48,91,64,69,36,64,48,62,57,58,58,57,1.036,0.213
player_000303,Michael,Kirby,Michael Kirby,24,SG,SF,guard,74,217,Balanced Guard,fringe,team_03,8,45,81,93,72,64,65,27,38,41,36,42,42,57,64,64,69,0.878,0.051
player_000420,Richard,Ochoa,Richard Ochoa,26,C,PF,big,84,225,Interior Finisher,fringe,team_25,64,98,62,46,46,72,76,86,72,80,75,31,50,57,61,61,63,0.8,0.103
player_000224,Roger,Salas,Roger Salas,19,SG,SF,guard,79,208,Balanced Guard,fringe,team_09,86,48,70,75,71,60,76,35,40,25,27,65,78,57,69,69,70,0.939,0.227
player_000257,Stephen,Boone,Stephen Boone,22,SF,PF,wing,78,191,Versatile Wing,fringe,team_26,44,48,77,77,51,58,77,59,69,56,70,59,75,57,59,59,61,1.062,0.066
player_000134,Thomas,Mitchell,Thomas Mitchell,20,PG,SG,guard,70,200,Table Setter,fringe,team_04,13,35,68,78,57,76,46,72,75,78,56,66,44,57,67,67,66,0.876,0.107
player_000307,Chris,Pratt,Chris Pratt,26,PG,SG,guard,71,200,Balanced Guard,fringe,team_26,54,62,49,76,61,65,65,51,56,36,31,70,75,56,56,56,56,1.169,0.293
player_000308,Christopher,Hernandez,Christopher Hernandez,24,PG,SG,guard,75,204,Table Setter,fringe,team_07,12,60,40,40,51,93,41,40,62,51,58,73,79,56,66,66,65,1.049,0.199
player_000439,Harold,Watson,Harold Watson,20,PG,SG,guard,76,175,Balanced Guard,fringe,team_07,16,71,33,67,71,71,39,64,35,51,45,37,65,56,69,69,67,1.124,0.287
player_000233,James,Moore,James Moore,20,SF,PF,wing,79,202,Versatile Wing,fringe,team_14,44,30,59,73,53,83,68,62,63,51,42,64,68,56,71,71,74,1.127,0.256
player_000433,Jeremiah,Mckinney,Jeremiah Mckinney,27,SF,PF,wing,77,231,Versatile Wing,fringe,team_11,11,54,73,78,53,49,93,68,29,28,49,56,57,56,60,60,63,1.089,0.082
player_000386,Robert,Henderson,Robert Henderson,24,PG,SG,guard,72,178,Table Setter,fringe,team_04,33,55,67,69,40,87,68,56,42,74,56,56,71,56,66,66,70,0.821,0.169
player_000215,Timothy,Smith,Timothy Smith,19,SF,SG,wing,78,218,Glass Cleaner,fringe,team_20,42,68,43,48,33,45,67,86,47,77,64,72,64,56,64,64,60,1.133,0.151
player_000360,Travis,Ortiz,Travis Ortiz,24,PG,SG,guard,74,199,Balanced Guard,fringe,team_03,98,32,76,73,68,67,72,47,57,61,42,67,62,56,60,60,59,1.131,0.128
player_000287,Brady,Chen,Brady Chen,31,PF,SF,wing,83,257,Versatile Wing,fringe,team_06,8,70,48,53,40,32,78,77,79,62,79,52,64,55,55,55,59,1.024,0.118
player_000310,Bryan,Morales,Bryan Morales,29,SF,PF,wing,77,185,Versatile Wing,fringe,team_16,39,42,60,57,59,76,47,56,71,47,60,53,61,55,58,58,59,0.804,0.16
player_000239,Christian,Mayer,Christian Mayer,21,SF,SG,wing,81,209,Defensive Specialist,fringe,team_13,85,53,49,47,63,73,41,56,70,74,81,44,48,55,61,61,60,1.2,0.202
player_000305,Cory,Brown,Cory Brown,22,SF,PF,wing,78,214,Versatile Wing,fringe,team_08,46,68,73,63,69,34,68,55,64,34,56,29,50,55,59,59,56,0.838,0.146
player_000075,Daniel,Hanson,Daniel Hanson,19,SF,PF,wing,79,203,Versatile Wing,fringe,team_06,34,63,71,66,43,78,75,71,55,38,38,67,67,55,65,65,67,0.998,0.27
player_000358,Jay,Becker,Jay Becker,24,PG,SG,guard,74,188,Balanced Guard,fringe,team_21,46,50,79,58,39,50,94,35,25,72,48,63,75,55,64,64,63,0.999,0.183
player_000181,Jeffery,Bradley,Jeffery Bradley,28,C,PF,big,82,257,Interior Finisher,fringe,team_18,43,91,59,49,40,73,77,87,78,60,79,25,54,55,56,56,60,0.945,0.215
player_000403,Jeffrey,Schneider,Jeffrey Schneider,28,PG,SG,guard,75,180,Defensive Specialist,fringe,team_15,50,38,63,46,40,66,87,40,25,91,52,34,69,55,56,56,55,1.09,0.051
player_000388,Jon,Holland,Jon Holland,24,SF,SG,wing,76,227,Versatile Wing,fringe,team_01,42,76,63,45,50,50,82,71,61,75,58,55,81,55,63,63,60,0.897,0.225
player_000375,Justin,Noble,Justin Noble,19,PG,SG,guard,79,184,Table Setter,fringe,team_05,14,59,48,50,75,79,41,58,52,49,35,70,25,55,67,67,65,0.913,0.278
player_000437,Mark,Sullivan,Mark Sullivan,27,SF,PF,wing,77,227,Versatile Wing,fringe,team_02,4,57,62,74,35,48,94,72,43,60,59,48,58,55,56,56,60,0.952,0.107
player_000095,Paul,Ingram,Paul Ingram,26,PF,SF,wing,78,206,Versatile Wing,fringe,team_27,69,94,37,59,49,50,92,81,62,35,55,30,56,55,56,56,55,0.88,0.054
player_000425,Ricky,Lewis,Ricky Lewis,25,SF,PF,wing,79,194,Versatile Wing,fringe,team_22,64,51,68,58,57,75,50,62,71,39,53,61,57,55,59,59,59,1.046,0.114
player_000402,Robert,Brown,Robert Brown,20,PG,SG,guard,75,208,Table Setter,fringe,team_28,71,53,47,50,71,92,40,67,74,72,62,39,37,55,71,71,70,0.975,0.218
player_000100,Russell,Freeman,Russell Freeman,20,C,PF,big,81,243,Defensive Anchor,fringe,team_30,85,84,34,39,32,31,68,87,87,89,93,25,43,55,62,62,56,1.173,0.199
player_000311,Angel,Joyce,Angel Joyce,29,PG,SG,guard,75,225,Balanced Guard,fringe,team_12,87,49,45,47,48,58,53,79,67,62,62,54,82,54,56,56,59,1.018,0.224
player_000286,Anthony,Harrison,Anthony Harrison,25,PG,SG,guard,73,219,Three-and-D Specialist,fringe,team_24,75,47,84,57,25,37,72,64,26,84,69,47,57,54,59,59,61,0.9,0.097
player_000064,Christopher,Jones,Christopher Jones,33,PG,SG,guard,74,207,Floor Spacer,fringe,team_29,67,36,89,59,44,89,82,25,53,77,47,28,58,54,55,55,56,1.065,0.296
player_000115,George,Taylor,George Taylor,27,PG,SG,guard,78,193,Defensive Specialist,fringe,team_19,61,67,76,68,47,52,95,76,25,86,39,37,46,54,54,54,54,1.058,0.078
player_000204,Jerry,Gray,Jerry Gray,29,SF,PF,wing,76,250,Versatile Wing,fringe,team_01,15,56,78,59,45,42,68,79,87,64,73,69,50,54,57,57,56,1.045,0.225
player_000202,Kenneth,Arnold,Kenneth Arnold,24,PG,SG,guard,76,175,Table Setter,fringe,team_10,7,40,61,57,53,75,37,44,53,46,40,73,73,54,58,58,54,0.836,0.187
player_000106,Mark,Taylor,Mark Taylor,20,SF,SG,wing,78,199,Versatile Wing,fringe,team_21,7,43,51,77,63,62,31,64,75,77,56,59,50,54,60,60,59,1.107,0.114
player_000121,Michael,Singh,Michael Singh,20,SF,PF,wing,79,230,Versatile Wing,fringe,team_28,62,62,74,82,38,70,95,62,64,38,47,60,64,54,69,69,70,1.138,0.198
player_000045,Stanley,Mitchell,Stanley Mitchell,19,PG,SG,guard,76,165,Defensive Specialist,fringe,team_19,84,74,60,51,35,42,43,79,33,91,72,25,44,54,69,69,65,1.156,0.156
player_000377,Todd,Mosley,Todd Mosley,25,PG,SG,guard,73,160,Balanced Guard,fringe,team_17,76,50,84,75,71,72,66,38,28,41,29,39,50,54,60,60,64,0.883,0.221
player_000043,Benjamin,Wyatt,Benjamin Wyatt,21,SF,PF,wing,74,221,Versatile Wing,fringe,team_13,4,74,38,57,68,78,51,75,63,59,53,57,33,53,66,66,61,0.837,0.299
player_000092,Clinton,Ramos,Clinton Ramos,22,PG,SG,guard,75,219,Table Setter,fringe,team_17,69,44,49,70,72,87,35,31,37,65,44,62,50,53,61,61,66,0.889,0.298
player_000119,Jonathan,Gordon,Jonathan Gordon,27,PG,SG,guard,75,206,Balanced Guard,fringe,team_29,11,50,47,47,51,51,56,73,77,60,64,58,71,53,53,53,53,1.152,0.219
player_000281,Joseph,Hogan,Joseph Hogan,28,C,PF,big,78,218,Defensive Anchor,fringe,team_25,8,73,41,59,48,40,59,83,84,44,85,53,58,53,54,54,53,1.083,0.146
player_000184,Kevin,Adkins,Kevin Adkins,22,SF,PF,wing,79,207,Versatile Wing,fringe,team_08,72,52,60,85,66,74,31,66,80,39,47,57,28,53,64,64,61,1.015,0.215
player_000417,Michael,Bailey,Michael Bailey,27,PG,SG,guard,76,205,Floor Spacer,fringe,team_10,23,35,90,72,45,53,98,66,65,50,29,47,33,53,56,56,61,0.889,0.173
player_000363,Michael,Williams,Michael Williams,19,PG,SG,guard,76,176,Table Setter,fringe,team_07,31,46,46,68,65,83,33,27,34,50,33,62,65,53,61,61,61,0.891,0.255
player_000103,Robert,Snyder,Robert Snyder,30,PG,SG,guard,75,177,Table Setter,fringe,team_12,57,33,82,60,48,81,76,29,60,76,49,26,58,53,55,55,53,0.994,0.202
player_000404,Sean,Lamb,Sean Lamb,25,SF,SG,wing,80,224,Versatile Wing,fringe,team_22,1,61,33,43,54,86,41,80,70,72,58,68,48,53,57,57,61,0.849,0.282
player_000046,William,Phillips,William Phillips,23,PG,SG,guard,75,175,Table Setter,fringe,team_24,82,48,70,40,54,77,56,45,63,47,40,65,61,53,57,57,61,0.968,0.128
player_000142,Cody,Collins,Cody Collins,19,PG,SG,guard,76,172,Table Setter,fringe,team_15,48,44,50,72,63,84,30,38,38,48,50,63,56,52,57,57,59,1.08,0.285
player_000353,Curtis,Fischer,Curtis Fischer,20,PG,SG,guard,74,214,Balanced Guard,fringe,team_05,12,46,46,52,52,52,61,76,76,55,43,61,62,52,61,61,63,0.813,0.074
player_000164,John,Dunn,John Dunn,27,PG,SG,guard,75,174,Table Setter,fringe,team_04,68,50,52,69,58,77,41,66,64,63,48,54,55,52,56,56,57,0.927,0.067
player_000410,Thomas,Hayes,Thomas Hayes,31,PG,SG,guard,75,206,Floor Spacer,fringe,team_14,50,43,91,71,40,68,79,53,39,53,44,43,44,52,52,52,52,0.971,0.29
player_000062,Travis,Peters,Travis Peters,22,SF,PF,wing,80,200,Versatile Wing,fringe,team_20,2,50,62,54,39,31,40,70,68,51,76,47,85,52,55,55,55,1.136,0.086
player_000101,Jared,Davis,Jared Davis,28,PF,SF,wing,78,242,Versatile Wing,fringe,team_02,53,70,68,41,42,49,52,72,88,55,58,48,34,51,54,54,57,0.832,0.299
player_000391,Matthew,Turner,Matthew Turner,25,SF,PF,wing,78,236,Versatile Wing,fringe,team_30,79,45,70,61,26,43,63,69,63,51,46,73,63,51,52,52,52,0.84,0.143
player_000125,Wesley,Campbell,Wesley Campbell,26,SF,SG,wing,79,202,Versatile Wing,fringe,team_27,54,41,79,66,34,57,87,76,81,69,61,46,66,51,57,57,58,1.035,0.19
player_000216,Eric,White,Eric White,25,PG,SG,guard,79,201,Table Setter,fringe,team_11,26,29,64,66,25,89,98,31,33,52,36,41,66,50,52,52,55,0.997,0.294
player_000259,James,Ramirez,James Ramirez,29,PG,SG,guard,77,191,Floor Spacer,fringe,team_16,44,49,89,73,40,62,86,53,43,63,33,44,42,50,51,51,50,1.095,0.252
player_000418,James,Williams,James Williams,31,PG,SG,guard,75,182,Table Setter,fringe,team_09,84,55,50,58,34,90,67,64,45,42,35,43,43,50,51,51,50,0.853,0.175
player_000057,Jeremy,Haas,Jeremy Haas,30,SF,PF,wing,80,227,Versatile Wing,fringe,team_23,40,44,59,57,38,50,50,76,85,54,73,62,67,50,53,53,55,0.874,0.155
player_000279,Mark,Collins,Mark Collins,21,PG,SG,guard,73,192,Table Setter,fringe,team_03,43,45,72,75,58,91,40,55,55,50,48,56,51,50,57,57,54,0.85,0.164
player_000065,Matthew,Smith,Matthew Smith,25,PG,SG,guard,73,225,Table Setter,fringe,team_26,84,53,44,41,42,75,39,62,50,62,52,52,27,50,53,53,53,0.88,0.149
